Date,Close,High,Low,Open,Volume,VIX_Close,Log_Return,Target_Next_Return,RSI_14,MACD,MACD_Signal,MACD_Hist,BB_Lower,BB_Middle,BB_Upper,SMA_20,SMA_50,SMA_Ratio
2023-03-16,153.4830322265625,154.08376844517147,149.33696504123728,149.84907174243986,76161100,22.99,0.018521615882532986,-0.005468932011246428,63.29088756617739,2.2352692501378044,-0.07024573180046634,2.3055149819382708,142.44741172073444,148.04832763671874,153.64924355270304,148.04832763671874,143.09097702026367,1.0346447464381563
2023-03-17,152.64593505859375,154.35951419092353,151.93686886777078,153.70953434482817,98944600,25.51,-0.005468932011246428,0.015365158985256653,61.23385253774482,2.3344263872897955,0.023129124281219493,2.311297263008576,142.33537217792266,148.11184844970703,153.8883247214914,148.11184844970703,143.65887176513672,1.0309968791335793
2023-03-20,155.0094757080078,155.42311016638172,151.80883520237765,152.71487589238697,73641400,24.15,0.015365158985256653,0.011873376872675902,64.72040335048771,2.574055006524077,0.21020619481240077,2.363848811711676,141.8888528303652,148.35066452026368,154.81247621016215,148.35066452026368,144.300390625,1.0280683501806263
2023-03-21,156.86093139648438,156.9791040860205,154.16253977805687,154.93070734117964,73938300,21.38,0.011873376872675902,-0.009145256238902586,67.20835261968686,2.8801587374092037,0.41304794055802185,2.467110796851182,141.5200657777235,148.88246536254883,156.24486494737417,148.88246536254883,144.8884735107422,1.02756597371088
2023-03-22,155.4329376220703,159.6774765177441,155.41323716716616,156.88061300312046,75701800,22.26,-0.009145256238902586,0.006945375580645806,63.489431047939995,2.973247242708851,0.40490915668613514,2.568338086022716,141.5103607148941,149.32168884277343,157.13301697065276,149.32168884277343,145.4375732421875,1.0267064109638158
2023-03-23,156.5162353515625,159.0964541870748,155.28521978995877,156.41776312286146,67622100,22.61,0.006945375580645806,0.008271176467955724,65.06855605042139,3.098713585764017,0.4243003997930406,2.6744131859709763,141.45257775624341,149.79095153808595,158.12932531992848,149.79095153808595,145.99693267822266,1.0259869765087826
2023-03-24,157.81617736816406,157.90480687220796,155.45263376473136,156.44728881765926,59196500,21.74,0.008271176467955724,-0.01236937130163558,66.91763433564056,3.2653995301000123,0.47278907530322867,2.7926104547967836,141.79776336651682,150.45766830444336,159.1175732423699,150.45766830444336,146.52801239013672,1.026818461877745
2023-03-27,155.87611389160156,158.32830230982592,155.47233717929535,157.5109061704178,52390300,20.6,-0.01236937130163558,-0.003988464327043343,61.67082636161179,3.2040185022602827,0.32912643797079877,2.874892064289484,142.29328931656,150.96780166625976,159.64231401595953,150.96780166625976,147.0218640136719,1.0268391213719132
2023-03-28,155.25564575195312,156.08289946543738,153.61101109186916,155.57079288605044,45992200,19.97,-0.003988464327043343,0.019597594502838458,60.04920272635532,3.0699188880861925,0.1560214590373663,2.913897429048826,143.03477510883172,151.4720245361328,159.9092739634339,151.4720245361328,147.47675689697266,1.0270908292481047
2023-03-29,158.3282928466797,158.60403911493316,156.92986104995282,156.94954647836764,51305700,19.12,0.019597594502838458,0.009841447653905669,64.96258183027153,3.1749817063258376,0.20886742182160933,2.9661142845042283,144.21686997623408,152.23328552246093,160.24970106868778,152.23328552246093,147.9698959350586,1.0288125470418217
2023-03-30,159.8941650390625,160.0024950198449,158.8207229739758,159.07676882534926,49501700,19.02,0.009841447653905669,0.015523014073333289,67.1779639887826,3.3460266338965425,0.3039298795138512,3.0420967543826913,145.3756779376388,153.04329452514648,160.71091111265414,153.04329452514648,148.50870941162108,1.0305341358866495
2023-03-31,162.39556884765625,162.49405610459849,159.45098920585787,159.97293860815142,68749800,18.7,0.015523014073333289,0.007672070802872854,70.39792685408179,3.6414470190446195,0.47948021172954247,3.161966807315077,145.31737904636674,153.72626342773438,162.13514780910202,153.72626342773438,149.09637084960937,1.0310530199477161
2023-04-03,163.64627075195312,163.76444342844442,161.725889623748,161.7751332479675,56976200,18.55,0.007672070802872854,-0.0032548861207348503,71.88319868746221,3.9311748571068676,0.6153664398334322,3.3158084172734354,144.95749282878944,154.3338935852051,163.71029434162074,154.3338935852051,149.6579150390625,1.0312444453400418
2023-04-04,163.11448669433594,164.30610131295074,162.60238002597387,164.06975594835677,46278300,19.0,-0.0032548861207348503,-0.011354533404474988,70.2687936599867,4.070948368290374,0.6041119608135501,3.4668364074768236,145.20869928378144,155.02473983764648,164.84078039151152,155.02473983764648,150.14510467529297,1.0324994622562376
2023-04-05,161.2728729248047,162.54328933366952,159.34264903941414,162.2379998945446,51511700,19.08,-0.011354533404474988,0.005480744355191958,64.83800763592765,3.987155594944028,0.41625534997376334,3.5709002449702645,145.61086753725354,155.56097030639648,165.51107307553943,155.56097030639648,150.56753540039062,1.033164087415838
2023-04-06,162.15919494628906,162.4546416380935,159.5395906537556,159.963052724609,45390100,18.4,0.005480744355191958,-0.016100957977183212,66.19224321326791,3.946772066600829,0.3006974573044512,3.646074609296378,146.49386469337443,156.2537841796875,166.01370366600057,156.2537841796875,151.02086944580077,1.0346502755088742
2023-04-10,159.56918334960938,159.56918334960938,157.64880179736934,158.96844706639095,47716900,18.97,-0.016100957977183212,-0.007620432368072169,59.03677258503951,3.663544478943237,0.013975895717487141,3.64956858322575,148.22274312376805,156.92001037597657,165.6172776281851,156.92001037597657,151.38110382080077,1.0365891542297945
2023-04-11,158.35781860351562,159.89412336543904,158.0722146254148,159.88428065231392,47644200,19.1,-0.007620432368072169,-0.004362595307143778,55.98827339586712,3.3032596430109606,-0.2770471521718316,3.5803067951827923,149.6982092924211,157.4286651611328,165.15912102984453,157.4286651611328,151.67836853027345,1.0379111186821057
2023-04-12,157.66847229003906,159.59869619161648,157.35332510698044,158.77145737665472,50133100,19.09,-0.004362595307143778,0.0335350422833194,54.27085024729308,2.9283506252594975,-0.5215649359386361,3.4499155611981336,150.79972196512054,157.79846267700196,164.7972033888834,157.79846267700196,152.01946807861327,1.0380148323858114
2023-04-13,163.04554748535156,163.28190788405584,158.96842452673738,159.1752417539843,68445600,17.8,0.0335350422833194,-0.0021163467944031455,63.63995312874608,3.030187443168529,-0.33578249442368335,3.3659699375922125,151.87653205513584,158.41741790771485,164.95830376029386,158.41741790771485,152.44274017333984,1.0391929305887662
2023-04-14,162.7008514404297,163.79399372639534,161.33196290458474,162.09025757823102,49386500,17.07,-0.0021163467944031455,0.00012116200378133571,62.75236828846376,3.047944952839458,-0.25441998780220354,3.3023649406416618,152.49603388360552,158.8783088684082,165.26058385321087,158.8783088684082,152.83669891357422,1.039529838041388
2023-04-17,162.72056579589844,162.87813940299813,161.53879379674336,162.58269264644778,41516200,16.95,0.00012116200378133571,0.007476444030600081,62.78433785452361,3.0286957713615834,-0.21893533542406285,3.2476311067856463,153.4742029722507,159.38204040527344,165.28987783829618,159.38204040527344,153.12505035400392,1.0408619624078765
2023-04-18,163.9416961669922,164.86742208466634,163.1341429104535,163.57732044379625,49923000,16.83,0.007476444030600081,0.006944319053646304,64.79968015159517,3.076511561671424,-0.13689563609137823,3.2134071977628023,153.9601826979263,159.82865142822266,165.697120158519,159.82865142822266,153.36545349121093,1.042142462920322
2023-04-19,165.08412170410156,165.60607111909823,163.02585218946155,163.2819130529251,47720200,16.46,0.006944319053646304,-0.0058635639045853845,66.62084381310135,3.1700477757101453,-0.03468753764212584,3.204735313352271,154.1140262773843,160.23981094360352,166.36559560982272,160.23981094360352,153.68318084716796,1.042663289894786
2023-04-20,164.1189727783203,165.3204450523275,163.04553091898333,163.56748026442403,52456400,17.17,-0.0058635639045853845,-0.009829006279650315,63.62590831022898,3.130213296610208,-0.05961761339365079,3.1898309100038587,154.74459848930206,160.67411270141602,166.60362691352998,160.67411270141602,153.9241793823242,1.0438523261658976
2023-04-21,162.5137481689453,163.9220227028112,161.991798793606,162.5432913390932,58337300,16.77,-0.009829006279650315,0.0018769284321531238,58.88452888602472,2.93527989489678,-0.2036408120856632,3.1389207069824434,155.3154814622763,160.97398834228517,166.63249522229404,160.97398834228517,154.18676208496095,1.0440195135142942
2023-04-24,162.81906127929688,163.08496487632468,161.400928797878,162.49407133338445,41949600,16.89,0.0018769284321531238,-0.009480523672016426,59.50267533255024,2.773459273925482,-0.29236914644556933,3.0658284203710515,155.7055352128191,161.2241325378418,166.7427298628645,161.2241325378418,154.4761004638672,1.0436833403595205
2023-04-25,161.28274536132812,163.78416246885476,161.24334444666383,162.68117729099055,48714100,18.76,-0.009480523672016426,-6.121385563812123e-05,55.020103390682785,2.492515246672042,-0.45865053895920793,2.95116578563125,156.5504752155313,161.4944641113281,166.43845300712493,161.4944641113281,154.7274249267578,1.0437352278548782
2023-04-26,161.2728729248047,162.76979197769046,160.32746143764658,160.58350725145092,45498800,18.84,-6.121385563812123e-05,0.027999533412488772,54.991434273108574,2.2432101278571395,-0.5663645262192887,2.809574654076428,157.75723116698578,161.7953254699707,165.8334197729556,161.7953254699707,154.92261413574218,1.0443622215682902
2023-04-27,165.8522491455078,165.99996498511996,162.68115222078845,162.68115222078845,64902300,17.03,0.027999533412488772,0.007512677888894818,64.28717135091051,2.3876283215726914,-0.3375570660029896,2.725185387575681,158.0938070962145,162.1715232849121,166.2492394736097,162.1715232849121,155.22219360351562,1.044770206631322
2023-04-28,167.10293579101562,167.27036709773776,165.33028575815172,165.9310218332577,55275900,15.78,0.007512677888894818,-0.0005304907145135682,66.33233704884944,2.5733369143353855,-0.12147877859223666,2.694815692927622,158.06714387514538,162.53196182250977,166.99677976987417,162.53196182250977,155.504833984375,1.0451891279395265
2023-05-01,167.01431274414062,167.86125191507637,166.07874407354768,166.70902333840385,52472900,16.08,-0.0005304907145135682,-0.006210585604005547,66.04372222078376,2.6824396779817903,-0.009900811956665478,2.6923404899384558,157.89095436457927,162.76289901733398,167.63484367008869,162.76289901733398,155.81760986328126,1.044573197857076
2023-05-02,165.9802703857422,167.76279339985444,164.99545801480568,167.50673256610264,48425700,17.78,-0.006210585604005547,-0.006488188922333595,62.62011795914425,2.6548622285677936,-0.02998260909652961,2.6848448376643232,157.82038999595332,162.87959899902344,167.93880800209357,162.87959899902344,156.1325521850586,1.0432135817902202
2023-05-03,164.90684509277344,168.32414556576836,164.6212560883793,166.925713661642,65136000,18.34,-0.006488188922333595,-0.009962824297984476,59.1899292339684,2.517371756470226,-0.1339784649552782,2.651350221425504,157.83361752359676,162.9692169189453,168.10481631429386,162.9692169189453,156.50619079589845,1.0412956579556356
2023-05-04,163.27206420898438,164.50307988258416,161.81454585901537,162.38573893481126,81235400,20.09,-0.009962824297984476,0.04585901080635303,54.310589474943036,2.250553432826905,-0.3206374308788793,2.5711908637057843,157.9920473535652,163.0691764831543,168.14630561274342,163.0691764831543,156.83866271972656,1.039725624124721
2023-05-05,170.93389892578125,171.65280778469676,168.1665634032941,168.38322333782398,113453200,17.19,0.04585901080635303,-0.00040347982471943537,67.7351658075162,2.627060895325741,0.04469602529596495,2.582364870029776,157.40771132151204,163.5079116821289,169.60811204274577,163.5079116821289,157.31472106933595,1.0393681568431434
2023-05-08,170.8649444580078,171.20963479482143,169.49605587870553,169.86043164324718,55962800,16.98,-0.00040347982471943537,-0.010021105263361613,67.54282184902361,2.886606717286469,0.24339347780535459,2.6432132394811143,157.46520608813205,164.07269973754882,170.68019338696558,164.07269973754882,157.84238311767578,1.0394717597188594
2023-05-09,169.16123962402344,170.9043468501181,168.993823309898,170.42179836441701,45326900,17.71,-0.010021105263361613,0.010366916819690552,62.797930099458235,2.9211507025243293,0.22234997043457216,2.698800732089757,158.19894004139255,164.6128707885742,171.02680153575588,164.6128707885742,158.31213897705078,1.0397994231663865
2023-05-10,170.92404174804688,171.38690478906514,169.28924951921832,170.39224965147537,53724500,16.94,0.010366916819690552,0.0010939695501398401,65.49863584188586,3.055548003387486,0.28539781703818257,2.770150186349303,159.13540105087853,165.2756492614746,171.41589747207067,165.2756492614746,158.82719604492186,1.0406004347941071
2023-05-11,171.1111297607422,171.93836845064925,169.55512459046415,171.20961699732078,49514700,16.93,0.0010939695501398401,-0.005432002415230302,65.78254859599501,3.1409483739837754,0.29663855010757745,2.844309823876198,159.13156190784593,165.67892837524414,172.22629484264235,165.67892837524414,159.38735717773437,1.0394734645765786
2023-05-12,170.18417358398438,171.65356424240227,168.63587209674515,171.21964497087455,45533100,17.03,-0.005432002415230302,-0.0029015828652880194,63.015639398178884,3.098117990704054,0.20304653346228463,2.8950714572417695,159.37524565307504,166.05309448242187,172.7309433117687,166.05309448242187,159.91716094970704,1.0383694501345264
2023-05-15,169.6910858154297,170.815324358024,169.09937498339835,170.76601261404946,37266700,17.12,-0.0029015828652880194,0.0,61.53297841487125,2.9899205978713894,0.07587931250369584,2.9140412853676936,159.72826823788571,166.40162048339843,173.07497272891115,166.40162048339843,160.33625885009766,1.0378290080908736
2023-05-16,169.6910858154297,170.74628490689332,169.42481443623242,169.61219003463674,42110300,17.99,0.0,0.0035966580104570007,61.532978414871245,2.8710773915452705,-0.034371115057938884,2.9054485066032094,159.9691981300069,166.6890899658203,173.4089818016337,166.6890899658203,160.70020721435546,1.0372674239522066
2023-05-17,170.30250549316406,170.53917778241149,168.06388478776768,169.3360585337975,57951600,16.87,0.0035966580104570007,0.013573508809049851,62.79194731558218,2.7940220059917067,-0.08914120048920227,2.883163206480909,160.09575494917945,166.95000915527345,173.80426336136745,166.95000915527345,161.1203060913086,1.036182298838615
2023-05-18,172.62986755371094,172.81724313624747,170.19401507639674,170.60820660461047,65496700,16.05,0.013573508809049851,0.0006282569496494246,67.19340758565099,2.887468782755576,0.0034444610197335024,2.8840243217358426,160.2267321509364,167.37555389404298,174.52437563714955,167.37555389404298,161.5619381713867,1.0359838201277898
2023-05-19,172.7383575439453,173.95134816577144,172.5213979143073,173.95134816577144,55809500,16.81,0.0006282569496494246,-0.005495800049775814,67.3870765272118,2.9364309143954586,0.04192527412769298,2.8945056402677656,160.73942628013316,167.88678436279298,175.0341424454528,167.88678436279298,162.05064697265624,1.0360142800980086
2023-05-22,171.7916259765625,172.2945846931845,171.0519949677244,171.57466634347682,43570900,17.21,-0.005495800049775814,-0.015271180776706476,63.8450797526347,2.865805212562634,-0.022960342164105363,2.8887655547267395,161.393305385518,168.33541259765624,175.27751980979448,168.33541259765624,162.56158630371092,1.0355177777556759
2023-05-23,169.18809509277344,170.98293990870613,168.91196743614205,170.73639628329747,50747300,18.53,-0.015271180776706476,0.0016308974720518484,55.24529807919002,2.570123863273807,-0.2549133531623462,2.825037216436153,162.5853324570167,168.7306800842285,174.87602771144032,168.7306800842285,162.9816537475586,1.0352740704519696
2023-05-24,169.46424865722656,170.03623176135926,168.16250594092847,168.72461766792532,45143500,20.03,0.0016308974720518484,0.0066701183080008185,55.9234702879584,2.3312048698184356,-0.395065877294174,2.7262707471126095,164.0335710721033,169.1402488708496,174.2469266695959,169.1402488708496,163.36548828125,1.0353487180821066
2023-05-25,170.59837341308594,171.49578098867764,169.3163432435991,170.02639025907388,56058300,19.14,0.0066701183080008185,0.014005953970556076,58.69188744365357,2.2079226774667404,-0.41467845571669537,2.622601133183436,164.46675696356218,169.3775550842285,174.28835320489483,169.3775550842285,163.76412689208985,1.03427752034997
2023-05-26,173.00457763671875,173.33988838819255,170.7166607230928,170.92376397994929,54835000,17.95,0.014005953970556076,0.010603375217842203,63.876019699920825,2.2781204685070406,-0.2755845317411163,2.553705000248157,164.63637622709555,169.67263717651366,174.70889812593177,169.67263717651366,164.15455780029296,1.0336151456905258
2023-05-30,174.84877014160156,176.51540772383512,174.1288668535482,174.51347436884586,55964400,17.46,0.010603375217842203,-0.0002820042675434146,67.26671499746745,2.45427232263458,-0.07954614209086186,2.533818464725442,164.70756344203343,170.06436004638672,175.42115665074002,170.06436004638672,164.59861450195314,1.0332065100363814
2023-05-31,174.79946899414062,176.8704419237823,174.31623796446905,174.87836477742368,99625300,17.94,-0.0002820042675434146,0.015895556414051607,67.08543209467577,2.560381264132104,0.02125023952532956,2.5391310246067746,165.11405102621157,170.50531997680665,175.89658892740172,170.50531997680665,164.99441436767577,1.033400558620429
2023-06-01,177.60020446777344,177.6297885060057,174.4838886927619,175.24324745233199,68901800,15.65,0.015895556414051607,0.0047638741240187766,71.7441346963565,2.8377574097646345,0.23890110812628773,2.598856301638347,165.5495085244315,171.13998794555664,176.73046736668178,171.13998794555664,165.40919982910157,1.0346461268319782
2023-06-02,178.4482879638672,179.2668146743205,176.78165050926717,178.52718373632618,61996900,14.6,0.0047638741240187766,-0.007599957802882706,72.99077223267611,3.090389171304537,0.39322629573295176,2.697162875571585,166.67848424528253,171.89879913330077,177.119114021319,171.89879913330077,165.8695068359375,1.0363496124898164
2023-06-05,177.09722900390625,182.39298156722955,175.57851175717974,180.10506441660397,121946500,14.73,-0.007599957802882706,-0.002062395593050509,67.85469150063335,3.145325145262774,0.35852981575295084,2.786795329509823,166.5421311916674,172.20696563720702,177.87180008274663,172.20696563720702,166.28112670898437,1.0356374715850567
2023-06-06,176.73236083984375,177.62976831057978,174.97695616659206,177.4818481362361,64848400,13.96,-0.002062395593050509,-0.007786532917744066,66.49389860641139,3.123415697011268,0.2692962940011556,2.8541194030101122,166.54368305658525,172.50033645629884,178.45698985601243,172.50033645629884,166.65945037841797,1.0350468339156196
2023-06-07,175.361572265625,178.70470351330488,174.8684849721747,175.97299569419778,61944600,13.94,-0.007786532917744066,0.015346768425696582,61.503543202467355,2.961305038506026,0.0857485083967311,2.875556530109295,166.93628303296538,172.81035308837892,178.68442314379246,172.81035308837892,167.04915954589845,1.0344880127391334
2023-06-08,178.0735626220703,178.33981894141047,175.0065588784877,175.44046308150416,50214900,13.65,0.015346768425696582,0.0021574401527993895,66.81057570189287,3.016889308413454,0.11306622264332677,2.903823085770127,166.9370841242018,173.16782913208007,179.39857413995836,173.16782913208007,167.50551788330077,1.0338037296939924
2023-06-09,178.45816040039062,179.71059129506313,178.13272098000036,178.99068805786467,48900000,13.83,0.0021574401527993895,0.015517811747354643,67.49493680323413,3.056737897541268,0.12233184941691277,2.9344060481243552,166.9751567856089,173.5351806640625,180.0952045425161,173.5351806640625,167.908115234375,1.0335127663236106
2023-06-12,181.24903869628906,181.34766218390052,178.468033910057,178.76388932505995,54274900,15.01,0.015517811747354643,-0.0026153145639061194,72.00591461311784,3.2757578482681424,0.2730814401150292,3.002676408153113,166.9145496285803,174.08842391967772,181.26229821077516,174.08842391967772,168.33521270751953,1.0341771107757136
2023-06-13,180.775634765625,181.6040176863898,179.917667815392,180.27269121683804,54929100,14.61,-0.0026153145639061194,0.0034853440162547393,70.2256238977196,3.3722596858699205,0.29566662217344586,3.0765930636964747,167.20543136310044,174.6426513671875,182.07987137127458,174.6426513671875,168.7028140258789,1.035208881224693
2023-06-14,181.40679931640625,181.84071851135664,179.50348972235338,180.83481629104696,57462900,13.88,0.0034853440162547393,0.011136565620760064,71.24635440254197,3.4597855377755877,0.3065539792632901,3.1532315585122976,167.60040969737605,175.22843704223632,182.8564643870966,175.22843704223632,169.05802459716796,1.036498784720638
2023-06-15,183.43833923339844,183.94129793003785,181.23917400121888,181.4166932611595,65433200,14.5,0.011136565620760064,-0.005877083558663412,74.3003165045938,3.650992332073969,0.39820861884933656,3.2527837132246322,167.81746334062365,175.88522872924804,183.95299411787244,175.88522872924804,169.46450164794922,1.0378883307056095
2023-06-16,182.36341857910156,184.4048073735327,181.7224110612984,184.14839232814637,101256200,13.54,-0.005877083558663412,0.0004865204407360498,70.06019961331769,3.673442818636488,0.33652728432948464,3.3369155343070034,167.98052190845135,176.37190628051758,184.7632906525838,176.37190628051758,169.88631256103517,1.038176081531891
2023-06-20,182.45216369628906,183.52710548415504,181.86046794433722,181.86046794433722,49799100,13.88,0.0004865204407360498,-0.005691582448381618,70.21134358273386,3.656249017529376,0.2554667865778981,3.400782230951478,168.24219629886764,176.85759658813475,185.47299687740187,176.85759658813475,170.29217193603515,1.0385538840538466
2023-06-21,181.4166717529297,182.8466218007744,180.06560242478363,182.34366316376426,49515700,13.2,-0.005691582448381618,0.016390439252538472,66.02316489550286,3.518508089356601,0.09418068672409863,3.4243274026325023,168.83456003504995,177.33884887695314,185.84313771885633,177.33884887695314,170.72912170410157,1.0387147026053773
2023-06-22,184.4146728515625,184.4639845971855,181.13070922445527,181.19974867789384,51245300,12.91,0.016390439252538472,-0.0017128961118708823,71.35147954699555,3.609651232253441,0.14825906369675046,3.4613921685566904,169.9312768879115,178.10017776489258,186.26907864187365,178.10017776489258,171.2502587890625,1.039999466419887
2023-06-23,184.09906005859375,184.96689848868263,182.45215034536935,182.98469303577104,53117000,13.44,-0.0017128961118708823,-0.007581599772777506,70.1050612716937,3.614746962066789,0.12268383480807898,3.49206312725871,171.29065664114498,178.83191833496093,186.3731800287769,178.83191833496093,171.7788705444336,1.0410588785930044
2023-06-26,182.7085723876953,185.4501365723536,182.6691169769034,184.24700235631448,48088700,14.25,-0.007581599772777506,0.014946714171706309,64.73936041237738,3.4666235519962925,-0.020351660209934508,3.486975212206227,172.74030235719283,179.43742828369142,186.13455421019,179.43742828369142,172.17213104248046,1.042197870219881
2023-06-27,185.45997619628906,185.78541559077308,183.10301971608257,183.31997931240525,50730800,13.74,0.014946714171706309,0.0063077808600322145,69.68386506711279,3.5305519698403316,0.03486140610728361,3.495690563733048,173.5580424672066,180.06019821166993,186.56235395613325,180.06019821166993,172.62731353759764,1.0430574080181896
2023-06-28,186.63351440429688,187.2745217767789,185.00633258317922,185.33175690914044,51216800,13.43,0.0063077808600322145,0.0017950207648900934,71.5183943825853,3.6340197101592935,0.11066331714099631,3.523356393018297,174.00871799371058,180.6494354248047,187.2901528558988,180.6494354248047,173.10557250976564,1.0435795497837799
2023-06-29,186.9688262939453,187.4422009047134,186.32781886596203,186.4658826988121,46347300,13.54,0.0017950207648900934,0.022839733381602147,72.03903657341456,3.7004193758494353,0.1416503862649101,3.558768989584525,174.64271514642738,181.2579032897949,187.87309143316244,181.2579032897949,173.5661151123047,1.044316185636311
2023-06-30,191.2882843017578,191.79122791985353,188.6157445714927,188.98063939826477,85213200,13.59,0.022839733381602147,-0.00781499066759685,77.69536894073319,4.054844033342704,0.39686003500654277,3.657983998336161,174.2395132824805,181.94230728149415,189.64510128050782,181.94230728149415,174.09019836425782,1.0451036818328334
2023-07-03,189.7991943359375,191.19956064074086,189.10885998965753,191.10093714903454,31458200,13.57,-0.00781499066759685,-0.005888828509817074,72.26781582085191,4.167530317201113,0.407637055091961,3.7598932621091516,174.26672787245755,182.50985260009764,190.75297732773774,182.50985260009764,174.60380279541016,1.045279940517397
2023-07-05,188.68478393554688,190.311965971159,187.98459336367247,188.92147125163748,46920300,14.18,-0.005888828509817074,0.0025055829781929985,68.41591587854174,4.119425233387261,0.28762557702248737,3.831799656364774,174.82043070324977,183.0892303466797,191.35802999010963,183.0892303466797,175.1272235107422,1.045464129884119
2023-07-06,189.15814208984375,189.36524537083605,186.5842258571581,187.2153769807983,45094300,15.44,0.0025055829781929985,-0.005908601246527864,69.16765307835186,4.07255181269764,0.19260172506629258,3.879950087631347,175.5795030452598,183.71051940917968,191.84153577309957,183.71051940917968,175.65400512695314,1.045865816019417
2023-07-07,188.0437774658203,190.0062704618662,187.60987325439862,188.76369580404943,46815000,14.83,-0.005908601246527864,-0.010915077151594132,65.23145489637368,3.900521592147527,0.01645720361294334,3.8840643885345836,176.97445428329473,184.34462966918946,191.71480505508418,184.34462966918946,176.18922576904296,1.0462877560449524
2023-07-10,186.00242614746094,187.36335216128748,184.45412451748925,186.6434337363263,59922200,15.07,-0.010915077151594132,-0.002814079474428831,58.6473406151764,3.5584468515949936,-0.2604940295516722,3.818940881146666,177.93113761070182,184.74107284545897,191.55100808021612,184.74107284545897,176.68381683349608,1.0456026825566935
2023-07-11,185.479736328125,186.68287064614393,184.02020200954667,186.54480679233018,46638100,14.84,-0.002814079474428831,0.008945440413585599,57.05924272095528,3.2081914213963216,-0.4885995678002759,3.6967909891965975,178.91993003158709,185.0921516418457,191.26437325210432,185.0921516418457,177.07636657714843,1.0452673906724022
2023-07-12,187.14637756347656,189.04968751691854,185.86434744027207,187.05761040387253,60750200,13.54,0.008945440413585599,0.004049085306653734,60.712391075022715,3.0301656253838587,-0.5333002910501912,3.56346591643405,179.41721130573967,185.38701858520508,191.3568258646705,185.38701858520508,177.47723541259765,1.0445678746021643
2023-07-13,187.9056854248047,188.5467078881079,187.15619821079162,187.86624506525828,41342300,13.61,0.004049085306653734,0.0007870491220184261,62.286570021081225,2.9167264906608636,-0.517391540618549,3.4341180312794126,180.07377799228823,185.74352111816407,191.4132642440399,185.74352111816407,177.89506286621094,1.0441184714488434
2023-07-14,188.0536346435547,188.53685056119244,187.00829198764853,187.59998771190843,41616200,13.34,0.0007870491220184261,0.0171575546459684,62.601010057490534,2.806412844260649,-0.5021641496150111,3.30857699387566,180.68976256818647,186.07586288452148,191.4619632008565,186.07586288452148,178.33653015136719,1.0433973495311666
2023-07-17,191.30801391601562,191.63345333608896,189.15814548736353,189.24689758888442,50520200,13.48,0.0171575546459684,-0.0013411116026857892,68.76928714902978,2.947611463895413,-0.2887724239841978,3.2363838878796107,180.77070349043768,186.46934661865234,192.167989746867,186.46934661865234,178.86455352783204,1.0425170495820848
2023-07-18,191.05162048339844,191.6433313227349,189.75973403360663,190.67688432979497,48288200,13.3,-0.0013411116026857892,0.007046729406090455,67.82024226251168,3.004193111846149,-0.18575262082676947,3.1899457326729186,181.1987236096194,186.90375671386718,192.60878981811496,186.90375671386718,179.4201446533203,1.0417099878890794
2023-07-19,192.4026641845703,195.48938034906212,189.9865244553515,190.4303150490968,80507300,13.76,0.007046729406090455,-0.01014863192500154,70.15734035257688,3.12206320977171,-0.05430601832096693,3.176369228092677,181.6011490918385,187.40128173828126,193.20141438472402,187.40128173828126,179.8495199584961,1.0419893352038296
2023-07-20,190.4599151611328,193.7537348839622,189.8386203157028,192.39280905028917,59581200,13.99,-0.01014863192500154,-0.006180824304959901,63.06463318245677,3.0238553790999276,-0.12201107919419929,3.145866458294127,182.60638067763978,187.85344390869142,193.10050713974306,187.85344390869142,180.2414193725586,1.0422323823382615
2023-07-21,189.28634643554688,192.2744541324422,188.58615588066942,191.4164870851642,71951700,13.6,-0.006180824304959901,0.004211249578229845,59.17294017754676,2.8188340136653096,-0.261625955703054,3.0804599693683636,183.06314705998878,188.09702758789064,193.1309081157925,188.09702758789064,180.64392150878905,1.041258548955598
2023-07-24,190.0851593017578,192.21530010696893,189.59207198839397,190.73603816687742,45377800,13.91,0.004211249578229845,0.004503459005212391,60.939824421943314,2.689804237895288,-0.3125245851784606,3.0023288230737486,183.64497442873514,188.39633255004884,193.14769067136254,188.39633255004884,181.0271438598633,1.0407076449037398
2023-07-25,190.94313049316406,191.75180092732498,190.25281124926505,190.65714646634552,37283200,13.86,0.004503459005212391,0.004534739691367467,62.801882785253994,2.6265016398070884,-0.30066174661332834,2.9271633864204167,184.71850823719737,188.80806045532228,192.89761267344718,188.80806045532228,181.4237838745117,1.0407018111027724
2023-07-26,191.81097412109375,192.93521264770516,190.64729522856234,190.9924473358141,47471900,13.19,0.004534739691367467,-0.006602780812960177,64.63819683594065,2.6162036356718943,-0.24876780059881787,2.864971436270712,185.1403060903975,189.1256103515625,193.1109146127275,189.1256103515625,181.8563198852539,1.0399727129136636
2023-07-27,190.5486602783203,194.47363103189025,189.8879250921341,193.3099522093675,47460200,14.41,-0.006602780812960177,0.013417646538270173,59.99862557454926,2.4776237118043127,-0.3098781795731198,2.7875018913774325,185.46231696424837,189.32136764526368,193.18041832627898,189.32136764526368,182.27347137451173,1.0386666047319133
2023-07-28,193.1226043701172,193.91154718487954,191.45596662398776,191.97863804110338,48291400,13.33,0.013417646538270173,0.0031608077643852234,65.44509173086003,2.5461435427430956,-0.19308667890746944,2.739230221650565,185.59215522772698,189.62905654907226,193.66595787041754,189.62905654907226,182.74210174560548,1.0376867439833546
2023-07-31,193.73399353027344,193.77344894031904,192.56044337061044,193.34938604539337,38824100,13.63,0.0031608077643852234,-0.004284974274262279,66.60810396587422,2.6195830749982463,-0.0957177173218553,2.7153007923201016,185.385995343984,189.75134201049804,194.11668867701206,189.75134201049804,183.21073150634766,1.035699931168736
2023-08-01,192.90562438964844,194.01013518521242,192.5801849485631,193.52691923606866,35175100,13.93,-0.004284974274262279,-0.015611331668090665,63.49013594400661,2.5811876423278193,-0.1072905199938261,2.6884781623216454,185.3296345708966,189.9066635131836,194.4836924554706,189.9066635131836,183.6162466430664,1.0342584982817191
2023-08-02,189.91749572753906,192.48154051645844,189.19759252290805,192.34347668203839,50389300,16.09,-0.015611331668090665,-0.007348469401371401,53.72114112059785,2.283321268844219,-0.32412551478194107,2.60744678362616,185.42567610699803,189.9682991027832,194.51092209856836,189.9682991027832,183.9598294067383,1.0326618572947253
2023-08-03,188.52700805664062,189.71041463976601,188.0536484329567,188.92148694956984,61235200,15.92,-0.007348469401371401,-0.04921127031863251,49.87537944047482,1.9130073299025696,-0.5555515629788723,2.468558892881442,185.36338111220516,189.93674240112304,194.51010369004092,189.93674240112304,184.29453704833983,1.0306151524790086
2023-08-04,179.47393798828125,184.7894189873242,179.40489853673822,182.95513345446872,115956800,17.1,-0.04921127031863251,-0.017404271983604197,33.2073366638323,0.8788924454506173,-1.2717331579446598,2.150625603395277,183.0771848872843,189.50825042724608,195.93931596720788,189.50825042724608,184.50025390625,1.0271435752253262
2023-08-07,176.37734985351562,180.59817633552169,174.8980878140883,179.61200164257014,97576100,15.77,-0.017404271983604197,0.005297531592314642,29.567474994598335,-0.18834866788137106,-1.8711794170213187,1.6828307491399477,180.51476234404245,189.02699661254883,197.5392308810552,189.02699661254883,184.63851593017577,1.0237679590320832
2023-08-08,177.31419372558594,177.77769698523286,175.12488493894773,177.205713919119,67823000,15.99,0.005297531592314642,-0.008994620968658874,31.996060315016113,-0.9476258276443446,-2.104365261427434,1.1567394337830892,178.78445740686814,188.61871948242188,198.45298155797562,188.61871948242188,184.77283233642578,1.020814137540489
2023-08-09,175.72647094726562,178.42857997538025,174.5627769846933,178.36941190145535,60378500,15.96,-0.008994620968658874,-0.0012355227345644327,30.101697201467985,-1.6583578886620387,-2.2520778579561025,0.5937199692940637,176.72442850888277,188.04772415161133,199.3710197943399,188.04772415161133,184.82727020263673,1.0174241276487168
2023-08-10,175.50949096679688,178.25105509162734,175.14461118800062,176.99860916334498,54686900,15.85,-0.0012355227345644327,0.00033753091546849686,29.84166956247305,-2.2136095259222657,-2.2458635961730633,0.032254070250797795,174.85342473244089,187.42791442871095,200.002404124981,187.42791442871095,184.84048461914062,1.0139981769410618
2023-08-11,175.56874084472656,176.3883728930982,174.34424265962002,175.10462674008653,52036700,14.84,0.00033753091546849686,0.00934928547831229,30.01943954254869,-2.6186829320784852,-2.120749601863426,-0.49793333021505887,173.21658911593215,186.80366973876954,200.39075036160693,186.80366973876954,184.85587005615236,1.0105368559950274
2023-08-14,177.21788024902344,177.44500246999712,175.09473274674426,175.74649049543365,43675600,14.82,0.00934928547831229,-0.011263584892122204,34.959345416568574,-2.7746503156805886,-1.8213735883724238,-0.9532767273081648,172.06552169193645,186.09916305541992,200.1328044189034,186.09916305541992,184.84822357177734,1.006767387099919
2023-08-15,175.23297119140625,177.2376075606865,174.83797474088598,176.64511288490613,43622600,16.46,-0.011263584892122204,-0.004971380991927788,32.02879136396834,-3.0235673608120237,-1.656232506803087,-1.3673348540089367,170.70856444824818,185.3082305908203,199.90789673339242,185.3082305908203,184.78391723632814,1.0028374404132887
2023-08-16,174.36398315429688,176.30935657463468,174.29485048513217,174.9169842350172,46964900,16.78,-0.004971380991927788,-0.014661989600625976,30.811061458364108,-3.2534522126836976,-1.5088938869398087,-1.7445583257438888,169.4468371864894,184.40629653930665,199.3657558921239,184.40629653930665,184.72925231933593,0.9982517344926455
2023-08-17,171.82611083984375,175.29225282363015,171.31260330101006,174.92688028330798,66062900,17.89,-0.014661989600625976,0.0028120954963654823,27.520246961489676,-3.5989364013408647,-1.4835024604775806,-2.115433940863284,167.8337562102643,183.4746063232422,199.1154564362201,183.4746063232422,184.63112731933595,0.993736045417231
2023-08-18,172.3099822998047,172.91236175457905,169.81159252872837,170.14734105941557,61172200,17.3,0.0028120954963654823,0.007706948153768571,29.075629271024432,-3.7900019437808794,-1.3396544023340762,-2.4503475414468032,166.50348294150268,182.62578811645508,198.74809329140749,182.62578811645508,184.57009552001952,0.989465750678156
2023-08-21,173.64309692382812,173.92948217703207,171.56934282132403,172.88272795365145,46311900,17.13,0.007706948153768571,0.00787384036315373,33.321147743560516,-3.790160937864158,-1.0718507171338838,-2.7183102207302743,165.61002529635783,181.8036849975586,197.99734469875938,181.8036849975586,184.48148620605468,0.9854847157643497
2023-08-22,175.01573181152344,175.46010661888187,174.04797988711957,174.84785755399471,42038900,16.97,0.00787384036315373,0.021711561030839616,37.471504654314856,-3.6375948488783365,-0.7354277025184497,-2.902167146359887,165.12628351233394,181.00731506347657,196.8883466146192,181.00731506347657,184.41263763427733,0.9815342233889951
2023-08-23,178.85714721679688,179.2817827873095,176.10201110060572,176.28963972003098,52722800,15.98,0.021711561030839616,-0.026518896420990173,47.34857953552823,-3.170171244279288,-0.21440327833552075,-2.9557679659437675,165.2563134400196,180.35962371826173,195.46293399650386,180.35962371826173,184.3647998046875,0.9782758092072414
2023-08-24,174.1763916015625,178.8374232276998,173.8110039705464,178.4127876208845,54945800,17.2,-0.026518896420990173,0.012563777482742521,39.21918332457725,-3.141222472155931,-0.148363604969731,-2.9928588671862,164.9700580773109,179.54101028442383,194.11196249153676,179.54101028442383,184.23281494140625,0.9745332846459812
2023-08-25,176.37850952148438,176.91175631972774,173.62337343895007,175.16388093182096,51449600,15.68,0.012563777482742521,0.008807174523849243,44.083281172611386,-2.9070768767703044,0.06862559233271703,-2.9757024691030214,165.48951994902956,178.70380554199218,191.9180911349548,178.70380554199218,184.1322491455078,0.9705187786022975
2023-08-28,177.9387664794922,178.33376298082638,176.31925671498092,177.8400098200833,43820700,15.08,0.008807174523849243,0.021575814191818164,47.30121154511675,-2.5660354492422357,0.3277336158886288,-2.8937690651308645,166.64203467396135,177.91404418945314,189.18605370494492,177.91404418945314,184.02225769042968,0.9668072026849488
2023-08-29,181.8196563720703,182.58991008586239,177.2573820568172,177.45488030453177,53003900,14.45,0.021575814191818164,0.01899082664551939,54.339899376278424,-1.960008522292469,0.7470084342707164,-2.7070169565631854,168.19838794309663,177.35974578857423,186.52110363405183,177.35974578857423,184.01138244628908,0.9638520369268114
2023-08-30,185.30555725097656,185.50307057198083,182.43192527543482,182.62942352828824,60813900,13.88,0.01899082664551939,0.001171726230287279,59.56417176556608,-1.1847872584470736,1.2177837584928897,-2.4025710169399632,169.0789597327398,177.1291488647461,185.1793379967524,177.1291488647461,184.06845031738283,0.9623004298636103
2023-08-31,185.52281188964844,186.75719481874472,185.13768501849643,185.4931879048022,60794500,13.57,0.001171726230287279,0.008427655966770146,59.87232846634659,-0.5465874679225919,1.4847868392138972,-2.031374307136489,169.71094276591543,176.97893905639648,184.24693534687754,176.97893905639648,184.1505731201172,0.9610555973722502
2023-09-01,187.0929412841797,187.54718572230075,185.92767607044595,187.1225652663115,45766500,13.09,0.008427655966770146,0.001265864377286344,62.11918653231371,0.08490801729905684,1.6930258595484369,-1.60811784224938,168.90667194935241,177.3598892211914,185.81310649303038,177.3598892211914,184.20413848876953,0.9628442155332172
2023-09-05,187.32992553710938,187.60642607121574,185.26604116890505,185.92766852324166,45280000,14.01,0.001265864377286344,-0.03644949379922712,62.46083931755663,0.5976065513411868,1.7645795148724537,-1.166972963531267,168.42360841015636,177.9075180053711,187.3914276005858,177.9075180053711,184.26875579833984,0.9654784786199437
2023-09-06,180.62478637695312,186.4905763861184,179.20277485131902,186.04618648324464,81755800,14.45,-0.03644949379922712,-0.029685639377777587,48.99604597069024,0.45760020995044215,1.2996585387853674,-0.8420583288349252,168.52101938664032,178.07304763793945,187.6250758892386,178.07304763793945,184.227080078125,0.966595397171926
2023-09-07,175.3416290283203,175.98351721110967,171.3718491931888,172.99135904079122,112488800,14.4,-0.029685639377777587,0.0034858102863603744,41.41956048014732,-0.07875463473328637,0.6106429552813111,-0.6893975900145974,168.48141776402667,178.05380554199218,187.62619331995768,178.05380554199218,184.02471313476562,0.9675537731261084
2023-09-08,175.9539031982422,177.98817927163086,175.56877626101954,176.12179256537448,65551300,13.84,0.0034858102863603744,0.006600483775721337,42.52872174700313,-0.4492357942525871,0.19212943660960835,-0.6413652308621954,168.5253275723833,178.07602615356444,187.62672473474558,178.07602615356444,183.81112091064452,0.9687989783824448
2023-09-11,177.11912536621094,178.0473836718388,175.1243584797436,177.82026144859472,58953100,13.8,0.006600483775721337,-0.017207811525760994,44.67559452130973,-0.6414271190037653,-4.951051325585709e-05,-0.6413776084905094,168.66051412685562,178.15354537963867,187.64657663242173,178.15354537963867,183.61412689208984,0.9702605588966454
2023-09-12,174.0973663330078,177.87951732730735,172.6358612060169,177.24751388848827,90370200,14.23,-0.017207811525760994,-0.011925534491451107,40.45508975565772,-1.0257466596312668,-0.3074952409126058,-0.7182514187186609,168.3468362811119,177.99751968383788,187.64820308656385,177.99751968383788,183.27030853271484,0.9712294430500414
2023-09-13,172.0334930419922,175.0848841389881,171.80635572558617,174.30474566083996,84267900,13.48,-0.011925534491451107,0.008744131460869912,37.82663985227518,-1.4798017570172703,-0.6092402706388875,-0.8705614863783828,167.90685090546853,177.8375457763672,187.76824064726586,177.8375457763672,182.91499450683594,0.9722414843891927
2023-09-14,173.54437255859375,173.89987544974738,171.41135521167203,171.82610607332606,60895800,12.82,0.008744131460869912,-0.004162641212089759,40.856118155898486,-1.6981530911717755,-0.6620732838347141,-1.0360798073370614,167.80231075706257,177.79656524658202,187.79081973610147,177.79656524658202,182.61218627929688,0.973629246049606
2023-09-15,172.82347106933594,174.29486087176767,171.6483512368518,174.27510652680778,109259500,13.79,-0.004162641212089759,0.016772060215315458,39.858161806379044,-1.9073817129011843,-0.6970415244512984,-1.210340188449886,167.962494594671,177.84643325805663,187.73037192144227,177.84643325805663,182.28549285888673,0.975647762577209
2023-09-18,175.74652099609375,177.13890868226434,173.96900640397726,174.2751309871455,67257600,14.0,0.016772060215315458,0.006161626322614166,45.65461229103009,-1.8163929555643392,-0.48484221369156266,-1.3315507418727766,168.40963833651617,178.01826019287108,187.626882049226,178.01826019287108,182.0395477294922,0.9779098136268901
2023-09-19,176.83274841308594,177.38574949277796,174.91698390976052,175.30211073798526,51826900,14.11,0.006161626322614166,-0.020194763442652492,47.67289209780867,-1.6377552126421904,-0.24496357661553114,-1.3927916360266592,168.76091994208994,178.177742767334,187.59456559257805,178.177742767334,181.8561541748047,0.9797729616346394
2023-09-20,173.29747009277344,177.45486279571944,173.20858308214417,177.02035765272817,58436200,15.14,-0.020194763442652492,-0.00892897781019233,42.18210656132549,-1.7611494941652381,-0.29468628651086304,-1.466463207654375,168.53093131840907,178.0918296813965,187.6527280443839,178.0918296813965,181.61250885009767,0.980614335482766
2023-09-21,171.75698852539062,174.0973890433764,171.68787090976878,172.36925276684747,63149100,17.54,-0.00892897781019233,0.004932174022086489,40.01914705345287,-1.9606432643330436,-0.39534404534293466,-1.565299218990109,167.79622039271732,177.73682174682617,187.67742310093502,177.73682174682617,181.30472106933593,0.9803209795008851
2023-09-22,172.60621643066406,174.86761425499944,171.87547142547365,172.48772049861157,56725400,17.2,0.004932174022086489,0.007353254083973802,41.79113866744208,-2.0268536130258212,-0.3692435152285696,-1.6576100977972517,167.58259016563355,177.65831298828124,187.73403581092893,177.65831298828124,180.99873168945314,0.9815445187378263
2023-09-25,173.88011169433594,174.75899170155245,171.97421669351675,172.02359502231215,46172700,16.9,0.007353254083973802,-0.023676372999863405,44.442598776517045,-1.9540084963750814,-0.23711871886226366,-1.7168897775128178,167.3360820737871,177.53339309692382,187.73070412006052,177.53339309692382,180.71526123046874,0.9823929196024732
2023-09-26,169.81161499023438,173.01112622988728,169.5153600429677,172.63588402695854,64588900,18.94,-0.023676372999863405,-0.00893738560982109,38.4229442980453,-2.199220652074189,-0.38586469964909687,-1.813355952425092,166.39311955021566,177.12703552246094,187.86095149470623,177.12703552246094,180.28533325195312,0.9824816712900413
2023-09-27,168.3007049560547,170.87809720821267,166.93795639924983,170.4633463371719,66921800,18.22,-0.00893738560982109,0.0015246190285324143,36.44851633724381,-2.4868045300399615,-0.5387588620918957,-1.9480456679480658,165.290173303156,176.45108795166016,187.61200260016432,176.45108795166016,179.83031494140624,0.9812088023598962
2023-09-28,168.5574951171875,169.8807502753716,165.525842781607,167.2243552499031,56294400,17.34,0.0015246190285324143,0.0030416505819388655,37.04067106300949,-2.6632951961616413,-0.5721996225708601,-2.0910955735907812,164.72596349513802,175.6136848449707,186.50140619480337,175.6136848449707,179.3534115600586,0.9791488398098543
2023-09-29,169.0709686279297,170.90773103963988,168.21182785802986,169.87084635964763,51861100,17.52,0.0030416505819388655,0.014726545837252735,38.27908605675134,-2.7302595668112986,-0.5113311945764138,-2.2189283722348847,164.5559027927643,174.79109268188478,185.02628257100525,174.79109268188478,178.92563262939453,0.9768924111836254
2023-10-02,171.5792236328125,172.12235512412923,168.79444856905252,169.0808338409062,52164500,17.61,0.014726545837252735,-0.007800104756212113,44.06688510064963,-2.551521742095332,-0.26607469588835775,-2.2854470462069743,165.40445548929196,174.0154067993164,182.62635810934083,174.0154067993164,178.57149017333984,0.9744859419070713
2023-10-03,170.24609375,171.46073744550782,168.6858469308082,170.1078434596355,49594600,19.78,-0.007800104756212113,0.007282033818722447,41.82211167644039,-2.488754357347432,-0.1626458489123661,-2.3261085084350657,166.94702405525302,173.16121520996094,179.37540636466886,173.16121520996094,178.1747088623047,0.9718619231407403
2023-10-04,171.4903564453125,172.03348795172127,168.8339619515459,168.9524578917983,53020300,18.58,0.007282033818722447,0.00717223351913359,44.65582788751419,-2.3119583353992255,0.011320138428672522,-2.323278473827898,167.48921150674627,172.7044937133789,177.91977592001152,172.7044937133789,177.78565338134766,0.9714197429807806
2023-10-05,172.72474670410156,173.25799352598938,170.52259660006877,171.6187292983148,48527900,18.49,0.00717223351913359,0.014642589034020359,47.393388948469735,-2.0486259518566214,0.21972201757702114,-2.2683479694336426,167.50020172942604,172.57364959716796,177.64709746490988,172.57364959716796,177.40392883300783,0.9727724224169428
2023-10-06,175.27249145507812,175.76624458491796,171.016326818613,171.6285909459562,57266700,17.45,0.014642589034020359,0.008415771067056196,52.60435745046861,-1.6157263441387215,0.522097300235937,-2.1378236443746585,167.5489120565511,172.53957901000976,177.53024596346842,172.53957901000976,177.09840545654296,0.9742582298537303
2023-10-09,176.75376892089844,176.81301689163445,173.60362121945622,174.6009972191987,42390800,17.7,0.008415771067056196,-0.003357918134900998,55.37224442929016,-1.1399825648169042,0.7982728636462038,-1.938255428463108,167.59557752235872,172.52131118774415,177.44704485312957,172.52131118774415,176.7710287475586,0.9759591965384591
2023-10-10,176.16123962402344,177.4746247468579,175.72673446240606,175.87486944103904,43698000,17.03,-0.003357918134900998,0.007873020407432306,54.01340057891256,-0.8015248746167458,0.9093844430770899,-1.7109093176938357,167.48901244622888,172.62450485229493,177.75999725836098,172.62450485229493,176.4195736694336,0.978488391405765
2023-10-11,177.5536346435547,177.60301297187604,175.3811238107674,175.9736185461729,47551100,16.09,0.007873020407432306,0.005048443072796558,56.70232921396072,-0.416143037436143,1.0358130242061543,-1.4519560616422973,167.34551708740852,172.90051193237304,178.45550677733755,172.90051193237304,176.1125338745117,0.9817615369475782
2023-10-12,178.4522705078125,180.06189553412176,176.80312172309905,177.82026707710477,56743100,16.69,0.005048443072796558,-0.010346155312517346,58.39322934750754,-0.03777727796713748,1.131343026940128,-1.1691203049072654,167.08797100485396,173.145906829834,179.20384265481403,173.145906829834,175.8832293701172,0.9844367052499192
2023-10-13,176.61549377441406,179.65699967721181,175.9143577270369,179.1533769286896,51427100,19.32,-0.010346155312517346,-0.0007270234097312438,53.77092793717501,0.11257014206333338,1.025352357576479,-0.9127822155131456,167.09518699202178,173.33550796508788,179.575828938154,173.33550796508788,175.64499908447266,0.9868513699141865
2023-10-16,176.4871368408203,176.84263973108403,174.3047411678942,174.54174811745375,52517000,17.21,-0.0007270234097312438,-0.008823588574136102,53.45249980059109,0.21884155459750332,0.9052990160885193,-0.6864574614910159,167.06697955329415,173.3725387573242,179.67809796135427,173.3725387573242,175.58526306152345,0.9873980067255194
2023-10-17,174.93673706054688,176.19087429527403,172.61610626933813,174.44298390478113,57549400,17.88,-0.008823588574136102,-0.007422380468769411,49.62942989988288,0.17593009699314166,0.6899100467873261,-0.5139799497941845,167.12803401965508,173.27773818969726,179.42744235973944,173.27773818969726,175.55645080566407,0.98702005761959
2023-10-18,173.64309692382812,175.36136323860268,172.92222157401596,173.38635072108465,54764400,19.22,-0.007422380468769411,-0.002163346457004119,46.63242997733636,0.03710874355351734,0.4408709546781615,-0.40376221112464417,167.14324853979622,173.29501953125,179.4467905227038,173.29501953125,175.4830288696289,0.987531504599203
2023-10-19,173.26785278320312,175.61810740546204,173.00122187734726,173.84059314667203,59302900,21.4,-0.002163346457004119,-0.014813437529951028,45.76904513755099,-0.10201132228013421,0.24140071107560795,-0.34341203335574216,167.25922091483014,173.3705627441406,179.4819045734511,173.3705627441406,175.43385650634767,0.9882389077952441
2023-10-20,170.72007751464844,173.22833664495803,170.4830706009531,173.1197103596996,64244000,21.71,-0.014813437529951028,0.0006939658090919577,40.31172273371436,-0.41308733462960845,-0.05574024101909303,-0.3573470936105154,167.06327800282656,173.27625579833983,179.4892335938531,173.27625579833983,175.3380682373047,0.9882409310214688
2023-10-23,170.83859252929688,171.8359684831129,167.80694090892598,168.77470794688867,55980100,20.37,0.0006939658090919577,0.0025401616967437534,40.666133859801846,-0.6426461199499443,-0.22823922107154304,-0.4144068988784012,166.82941242951185,173.1241798400879,179.41894725066393,173.1241798400879,175.2434652709961,0.9879066222091023
2023-10-24,171.27310180664062,171.50022404547477,169.30795876796012,170.88797493724758,43816600,18.97,0.0025401616967437534,-0.01358351150598355,42.025283574913104,-0.7805145578919905,-0.2928861272108714,-0.4876284306811191,167.02526761932285,173.1972541809082,179.36924074249356,173.1972541809082,175.12456970214845,0.9889946023877848
2023-10-25,168.96234130859375,170.89784530264086,168.51795139973865,169.73259505065448,57157000,20.19,-0.01358351150598355,-0.02491322298031217,37.151347925544925,-1.063970558313116,-0.4610737021055975,-0.6028968562075185,167.15738786482808,173.23033599853517,179.30328413224225,173.23033599853517,174.99915710449218,0.9898924021393951
2023-10-26,164.80494689941406,169.23885617849143,163.6001878537521,168.24146504420852,70625300,20.68,-0.02491322298031217,0.007937650757830773,30.33484154841978,-1.6055704481694875,-0.8021388735695751,-0.8034315745999123,166.21847011238287,173.04270858764647,179.86694706291007,173.04270858764647,174.80797637939452,0.9899016748073509
2023-10-27,166.11831665039062,166.8490767618186,164.7456834493569,164.82468576422622,58499100,21.27,0.007937650757830773,0.012230161777305253,34.4279787827519,-1.9068335105355345,-0.8827215487484976,-1.024111961787037,165.6206312464618,172.89507598876952,180.16952073107723,172.89507598876952,174.69382049560548,0.9897034451377105
2023-10-30,168.16244506835938,169.03145545417337,166.7601878982554,166.90832288755587,51131000,19.75,0.012230161777305253,0.0028150036337332963,40.306567525534405,-1.958071152716144,-0.7471673527432856,-1.2109037999728585,165.17877033193875,172.72423706054687,180.269703789155,172.72423706054687,174.61086975097658,0.9891952162364213
2023-10-31,168.63648986816406,168.76485546731004,165.80233595599515,167.23423244098677,44846000,18.14,0.0028150036337332963,0.018565148369938833,41.61382291892538,-1.9380848638109285,-0.5817448510704559,-1.3563400127404726,164.96118851503687,172.64375686645508,180.3263252178733,172.64375686645508,174.51073760986327,0.9893016282609381
2023-11-01,171.79649353027344,172.05323977559237,167.9945877763323,168.86359824995364,56934900,16.87,0.018565148369938833,0.020481766029484823,49.545841765127484,-1.648259589043846,-0.23353566104269863,-1.4147239280011474,164.98453286853152,172.65906372070313,180.33359457287474,172.65906372070313,174.44635284423828,0.9897545056437437
2023-11-02,175.35147094726562,175.55883879665177,173.26783240773895,173.32708036470643,77334800,15.66,0.020481766029484823,-0.005194363656830063,56.67652191258274,-1.1188169776680468,0.23672556026648062,-1.3555425379345274,165.02648497439446,172.79039993286133,180.5543148913282,172.79039993286133,174.37623931884767,0.9909056452175997
2023-11-03,174.4429931640625,174.61088250590672,171.18423421755685,172.06311427874405,79829200,14.91,-0.005194363656830063,0.014499660148238329,54.55460885211822,-0.7637326240802338,0.47344793108343497,-1.2371805551636688,165.02975718616779,172.74892501831056,180.46809285045333,172.74892501831056,174.38157135009766,0.9906375064799174
2023-11-06,176.99078369140625,177.18828197544954,174.00852494560027,174.17639924044474,63841300,14.89,0.014499660148238329,0.014347152682589103,59.17123521285211,-0.27358657707569023,0.770875182470383,-1.0444617595460732,165.01636433152686,172.76077575683593,180.505187182145,172.76077575683593,174.3938168334961,0.9906359003644073
2023-11-07,179.54840087890625,180.1606499568927,176.73400192517136,176.9413698079054,70530000,14.81,0.014347152682589103,0.005867657049542593,63.211446686919096,0.3175752191766037,1.0896295829781417,-0.7720543638015379,164.75927586169496,172.93013381958008,181.1009917774652,172.93013381958008,174.4260095214844,0.9914240100658838
2023-11-08,180.6050262451172,181.15802736111343,179.32126504404005,180.07177947416378,49340300,14.45,0.005867657049542593,-0.0026278716131107587,64.76279556748123,0.861406282842097,1.306768517314908,-0.445362234472811,164.4701978039719,173.08270339965821,181.69520899534453,173.08270339965821,174.4017169189453,0.9924369235430169
2023-11-09,180.13104248046875,181.81966995293175,179.53853262491765,180.67417400336535,53763500,15.29,-0.0026278716131107587,0.022954378616003933,63.46981757231993,1.2398574850257944,1.3481757755988844,-0.10831829057308992,164.3169845780183,173.16664199829103,182.01629941856376,173.16664199829103,174.29822662353516,0.9935077674215915
2023-11-10,184.31365966796875,184.48177017271385,181.47578777634308,181.91086536697577,66133400,14.17,0.022954378616003933,-0.008620580336851901,69.2953884319591,1.8558914790725396,1.5713678157165036,0.284523663356036,163.54174990805453,173.55155029296876,183.56135067788298,173.55155029296876,174.27404357910157,0.9958542691080391
2023-11-13,182.73159790039062,183.94782669363863,182.1482051958573,183.74018560328048,43627500,14.76,-0.008620580336851901,0.014184590299762495,65.0685305284963,2.191185077233172,1.5253291311017085,0.6658559461314633,163.1428922279838,173.86377334594727,184.58465446391074,173.86377334594727,174.1868167114258,0.998145420120894
2023-11-14,185.342041015625,186.00454008995078,184.21480130754796,185.59912547957174,60108400,14.16,0.014184590299762495,0.003036242891959427,68.48449302691819,2.6371491980645203,1.5770346015464456,1.0601145965180747,162.55295812159625,174.38403854370117,186.21511896580608,174.38403854370117,174.1470590209961,1.001360801175956
2023-11-15,185.9056396484375,187.3789678351275,185.67821821290843,185.74744196041772,53790500,14.18,0.003036242891959427,0.009001584240781934,69.18513616353427,3.0014577398169706,1.5530745146391167,1.448383225177854,162.15542031880156,174.99716567993164,187.83891104106172,174.99716567993164,174.2526760864258,1.0042724715064726
2023-11-16,187.58663940429688,188.82264852852316,186.5384909930313,187.44820698590362,54412900,14.32,0.009001584240781934,-0.00010542559492660675,71.23894399210279,3.386776860007018,1.550714907863331,1.8360619521436867,161.78611637275446,175.71310501098634,189.64009364921822,175.71310501098634,174.49757629394531,1.0069658773655024
2023-11-17,187.56686401367188,188.24914348244,186.4594046371221,188.12059370194675,50922700,13.8,-0.00010542559492660675,0.009235407499710717,71.1788414874221,3.6484917878553063,1.4499438685692954,2.198547919286011,161.9185346156818,176.5554443359375,191.19235405619318,176.5554443359375,174.7298355102539,1.010448180302765
2023-11-20,189.30714416503906,189.76200213676566,187.75472463510502,187.76460727588125,46505100,13.41,0.009235407499710717,-0.0042399259813914285,73.31266767591828,3.950786609066512,1.4017909518244007,2.548995657242111,162.0901441290418,177.4788719177246,192.86759970640742,177.4788719177246,174.97359588623047,1.0143180233497806
2023-11-21,188.50619506835938,189.3763501912699,187.61627466574618,189.26758080090607,38134500,13.35,-0.0042399259813914285,0.003508344291069857,70.71761807292607,4.078710696501815,1.2237720314077634,2.854938665094052,162.51456049466313,178.34052658081055,194.16649266695796,178.34052658081055,175.2617724609375,1.0175666038100764
2023-11-22,189.168701171875,190.7705639920827,188.69407794514686,189.34669431189826,39617700,12.85,0.003508344291069857,-0.007028796715076937,71.61269518721689,4.18530457729139,1.0642927297578701,3.12101184753352,163.4688411120195,179.3508445739746,195.2328480359297,179.3508445739746,175.60447662353516,1.0213341255443675
2023-11-24,187.84373474121094,188.76331834061182,187.13179223741543,188.7336553269539,24048300,12.46,-0.007028796715076937,-0.0009481748467840446,67.1893181328134,4.115427195095862,0.795532278049873,3.3198949170459886,165.70280473093877,180.50278396606444,195.30276320119012,180.50278396606444,175.8904638671875,1.0262226842630857
2023-11-27,187.66571044921875,188.5358656068872,186.7856726513042,187.79426021241986,40552600,12.69,-0.0009481748467840446,0.0032090458407148296,66.59412361113809,3.9995791350960417,0.5437473744400423,3.4558317606559994,168.04222889870238,181.58015365600585,195.11807841330932,181.58015365600585,176.18730865478517,1.0306085894744395
2023-11-28,188.26890563964844,188.9413024556769,187.2800983304318,187.65584993609482,38415400,12.69,0.0032090458407148296,-0.005424304430597905,67.64011695512528,3.9113538709698332,0.3644176882510668,3.5469361827187664,170.24960991168004,182.58547668457032,194.9213434574606,182.58547668457032,176.43775634765626,1.0348435644624752
2023-11-29,187.2504425048828,189.93999969621768,186.85492560121705,188.76331653900834,43014200,12.98,-0.005424304430597905,0.0030579896620656698,63.99648661246157,3.716412757317329,0.1355812596788497,3.580831497638479,172.83224473544402,183.51617431640625,194.20010389736848,183.51617431640625,176.6461102294922,1.0388916805356694
2023-11-30,187.8239288330078,188.18979776505014,186.08363355367433,187.71515943504943,48794400,12.92,0.0030579896620656698,0.0067683698799520815,65.1353654325843,3.567077030547523,-0.011003573672764944,3.578080604220288,174.94638122777923,184.31754608154296,193.6887109353067,184.31754608154296,176.93663940429687,1.0417149704102882
2023-12-01,189.09950256347656,189.4159130354433,187.11199034893104,188.1996843513192,45704800,12.63,0.0067683698799520815,-0.009509744707589234,67.59100897184335,3.511180823907182,-0.05351982425048529,3.5647006481576673,176.3780149583426,185.00494766235352,193.63188036636444,185.00494766235352,177.28348968505858,1.0435542982091113
2023-12-04,187.3097381591797,187.92280887485518,185.35190415389414,187.85358512953687,43389500,13.08,-0.009509744707589234,0.02084444019229178,61.089397238490555,3.284600814100827,-0.22407986724547246,3.5086806813462994,178.47055045798683,185.64828491210938,192.82601936623192,185.64828491210938,177.5775601196289,1.0454490127414942
2023-12-05,191.2550811767578,192.22410797955845,188.0513405114985,188.08101860758427,66628400,12.85,0.02084444019229178,-0.00570320151315213,68.32293321849731,3.384377733015441,-0.09944235866468709,3.483820091680128,179.97542607401257,186.36149978637695,192.74757349874133,186.36149978637695,177.92505950927733,1.0474156945647093
2023-12-06,190.16741943359375,192.58009647341478,189.95976327032974,192.27356863697858,41089700,12.97,-0.00570320151315213,0.010088385932248046,64.74928785446518,3.3372170861802886,-0.1172824043998717,3.4544994905801603,181.1246397396842,186.89245071411133,192.66026168853847,186.89245071411133,178.33217559814454,1.0480018543330991
2023-12-07,192.09561157226562,192.817436726138,191.42321471638212,191.4627754603769,47477700,13.06,0.010088385932248046,0.007385061353604011,67.94978225621679,3.416052794608845,-0.030757356777052713,3.4468101513858977,182.03968385646542,187.46697998046875,192.89427610447208,187.46697998046875,178.80807373046875,1.048425700637278
2023-12-08,193.51950073242188,193.79636559429088,191.50232520965804,192.0263919187675,53406400,12.35,0.007385061353604011,-0.013011792030686312,70.10809015324473,3.5524758861296277,0.08453258779498363,3.467943298334644,183.21436665145237,188.13640289306642,193.05843913468047,188.13640289306642,179.30731384277342,1.049239982804242
2023-12-11,191.0177764892578,191.32431940935732,189.2774811684409,190.94856782781682,60943700,12.63,-0.013011792030686312,0.007889051488208908,62.1846538129628,3.41930827306723,-0.03890802021393114,3.4582162932811613,183.72663470391876,188.47160873413085,193.21658276434295,188.47160873413085,179.74625,1.0485426468375882
2023-12-12,192.5306854248047,192.54056806660662,189.57414602172835,190.9189246189266,52696900,12.07,0.007889051488208908,0.016553713123899444,64.77720469987767,3.396696089337553,-0.049216163154887305,3.44591225249244,184.6883636970151,188.96156311035156,193.23476252368803,188.96156311035156,180.16527923583985,1.0488234132115835
2023-12-13,195.7443084716797,195.78385412672148,192.66911702808835,192.90642113434447,70404200,12.19,0.016553713123899444,0.0007574129226230617,69.55228561094117,3.5966285976837185,0.12057307615302282,3.4760555215306956,184.60734571551583,189.4816764831543,194.35600725079277,189.4816764831543,180.67524353027343,1.048741779896399
2023-12-14,195.8926239013672,197.3857175620074,193.964452594447,195.8036348613561,66831600,12.48,0.0007574129226230617,-0.0027294536337794722,69.75607014580942,3.72411508610449,0.198447651659035,3.525667434445455,184.64959592895283,189.98102569580078,195.31245546264873,189.98102569580078,181.16328887939454,1.048672867836245
2023-12-15,195.35867309570312,196.1793699091571,194.79504567055722,195.3191123528845,128538400,12.28,-0.0027294536337794722,-0.008539661603928241,67.99177000920123,3.7389632382774494,0.17063664306559545,3.568326595211854,184.67249657172928,190.3696273803711,196.06675818901292,190.3696273803711,181.61596740722655,1.0481987354862734
2023-12-18,193.69747924804688,194.42920214917604,192.21426816132805,193.89523770867535,55751900,12.56,-0.008539661603928241,0.005345789216108279,62.680181095064505,3.575470250129513,0.005714923934126759,3.569755326195386,184.95555693837423,190.67615814208983,196.39675934580544,190.67615814208983,181.98446716308592,1.0477606199831044
2023-12-19,194.7357177734375,194.7456004150459,193.69746706046115,193.96444926391277,40714100,12.53,0.005345789216108279,-0.010771712271880816,64.54447156921961,3.4894537999008435,-0.06424122103563423,3.5536950209364777,185.0018531382656,190.94758682250978,196.89332050675395,190.94758682250978,182.34410614013672,1.0471826639450634
2023-12-20,192.6493377685547,195.46742966263125,192.6493377685547,194.69616113684165,52242800,13.67,-0.010771712271880816,-0.0007703275485152556,58.24749259730897,3.21586126671221,-0.27026700337941456,3.4861282700916245,185.27535578810597,191.15474395751954,197.03413212693312,191.15474395751954,182.67386810302733,1.0464263221804064
2023-12-21,192.50099182128906,194.87413831888384,191.33420648650613,193.90511142023345,46482500,13.65,-0.0007703275485152556,-0.00556295684749109,57.81559069376591,2.953026286036561,-0.42648158724405105,3.379507873280612,185.4878546449776,191.32135848999025,197.1548623350029,191.32135848999025,182.97281524658203,1.0456272328332346
2023-12-22,191.43309020996094,193.22282892375426,190.81013681243016,192.9953923922105,37149600,13.03,-0.00556295684749109,-0.00284492329193899,54.67277276271997,2.6282599898908927,-0.6009983067117757,3.2292582966026684,185.8897073205785,191.50082626342774,197.11194520627697,191.50082626342774,183.232431640625,1.0451251699754747
2023-12-26,190.88925170898438,191.719846217368,190.6717128965979,191.44298138124012,28919300,12.99,-0.00284492329193899,0.0005179265138831432,53.09002900443474,2.3004786524921315,-0.7430237152884294,3.043502367780561,186.3221601045867,191.66200332641603,197.00184654824537,191.66200332641603,183.5179067993164,1.0443776668399205
2023-12-27,190.98814392089844,191.33423254727063,188.95120308408815,190.3355425015734,48087700,12.43,0.0005179265138831432,0.0022237693176103807,53.35446853604456,2.025342468842439,-0.8145279191504979,2.839870387992937,186.67661991110398,191.7979652404785,196.91931056985302,191.7979652404785,183.80792694091798,1.0434694979293726
2023-12-28,191.413330078125,192.4812438348005,191.00791544042355,191.96705978425237,34049900,12.47,0.0022237693176103807,-0.0054389097536537935,54.54100943342421,1.8206170899914582,-0.8154026384011832,2.6360197283926414,187.3211893542158,192.00610961914063,196.69102988406547,192.00610961914063,184.13745880126953,1.0427324829455986
2023-12-29,190.3750762939453,192.2241411947973,189.5840274029703,191.72973752393827,42672100,12.45,-0.0054389097536537935,-0.03644258240494158,51.121341046450034,1.5566482765982244,-0.863497161435534,2.4201454380337584,187.7842623121159,192.1336669921875,196.4830716722591,192.1336669921875,184.47209838867187,1.0415323979639086
2024-01-02,183.5622100830078,186.3308738952772,181.83179708633995,185.05530386559408,82488700,13.2,-0.03644258240494158,-0.007515745464853229,35.42541885612648,0.7886190153567156,-1.305221138141634,2.0938401534983497,186.24757346001815,191.85680236816407,197.46603127631,191.85680236816407,184.67798553466798,1.0388720767811737
2024-01-03,182.18777465820312,183.7995356475199,181.37694529807916,182.15811164141854,58414500,14.04,-0.007515745464853229,-0.012781487347953858,33.21011099176039,0.0682580045379666,-1.6204657191683065,1.688723723706273,184.83579734748906,191.60070419311523,198.3656110387414,191.60070419311523,184.90733947753907,1.0361984804631794
2024-01-04,179.87396240234375,181.04074792224714,178.85549196107084,180.11126652815247,71983600,14.13,-0.012781487347953858,-0.004021062886603972,29.828392831711433,-0.6814828876482579,-1.896165289083625,1.214682401435367,182.54942746405754,191.03164825439453,199.5138690447315,191.03164825439453,185.088046875,1.03211229185107
2024-01-05,179.15213012695312,180.7144477397177,178.15344001418788,179.953076851374,62379700,13.35,-0.004021062886603972,0.02388719456942289,28.84170257505595,-1.318702595658408,-2.02670799767502,0.708005402016612,180.54056611566614,190.4808837890625,200.42120146245884,190.4808837890625,185.24562744140624,1.02826116016861
2024-01-08,183.48309326171875,183.52265400582175,179.46853775144191,180.05193047893468,59144500,13.08,0.02388719456942289,-0.0022660641632023092,41.37265512467326,-1.4574309191532961,-1.7323490569359266,0.27491813778263036,179.6897315345074,190.05025787353514,200.4107842125629,190.05025787353514,185.53604248046875,1.0243306655284599
2024-01-09,183.06777954101562,183.07766218215258,180.68475037086026,181.86143345023166,42841800,12.76,-0.0022660641632023092,0.005655395428788248,40.6336944566931,-1.5826427409885468,-1.4860487030169418,-0.09659403797160507,178.86971737640542,189.52767181396484,200.18562625152427,189.52767181396484,185.90129913330077,1.0195069786901478
2024-01-10,184.1060333251953,184.31367440860302,181.8614365329183,182.2866315170422,46792900,12.69,0.005655395428788248,-0.0032277608910044977,43.35741724836565,-1.5798836927939988,-1.186631723857915,-0.39325196893608383,178.2940627394838,189.1820846557617,200.07010657203963,189.1820846557617,186.26105346679688,1.0156824582197777
2024-01-11,183.5127410888672,184.9564063690912,181.5647895230864,184.4521049955326,49128400,12.44,-0.0032277608910044977,0.0017766323335096487,42.16687683205345,-1.6070458283851963,-0.9710350875592899,-0.6360107408259064,177.68938260810958,188.73118743896484,199.7729922698201,188.73118743896484,186.56805938720703,1.0115943107242618
2024-01-12,183.8390655517578,184.64989484239166,183.11724039185432,183.97749798089004,40477800,12.7,0.0017766323335096487,-0.012393805247405607,43.092461580232914,-1.583981210188881,-0.7583763754903797,-0.8256048346985013,177.39097746522984,188.13592529296875,198.88087312070766,188.13592529296875,186.8721109008789,1.0067629909353366
2024-01-16,181.5746612548828,182.19759949773234,178.90486988724322,180.1211135415678,65603000,13.84,-0.012393805247405607,-0.005186761718917206,38.48918300352122,-1.7284958126611514,-0.7223127823701199,-1.0061830302910315,176.93286234966916,187.42002716064454,197.9071919716199,187.42002716064454,187.0676742553711,1.001883558485858
2024-01-17,180.63531494140625,180.8825167727283,178.281963767062,179.24110807963172,47317400,14.79,-0.005186761718917206,0.032051458790256095,36.73605001918715,-1.8969551551300015,-0.712617699871176,-1.1843374552588255,176.4654984674468,186.6838592529297,196.9022200384126,186.6838592529297,187.1733511352539,0.997384820652324
2024-01-18,186.5187225341797,187.02300881659582,183.75005912545993,184.0071435872404,78005800,14.13,0.032051458790256095,0.015413550103358407,51.60458742059142,-1.5379895880666652,-0.28292170624627166,-1.2550678818203935,176.62611568649194,186.32492141723634,196.02372714798074,186.32492141723634,187.41486572265626,0.9941843230993593
2024-01-19,189.41590881347656,189.80154302609114,186.7065866846462,187.21087293560348,68903000,13.3,0.015413550103358407,0.01209001169715085,56.967938911567714,-1.008107237311691,0.19756851560696198,-1.205675752918653,177.02862806863405,186.05893096923828,195.0892338698425,186.05893096923828,187.66336822509766,0.9914504505006279
2024-01-22,191.7198486328125,193.14373357255337,190.10808789018887,190.14764863184953,60133900,13.19,0.01209001169715085,0.006631206466708262,60.69807973258643,-0.3976787747809851,0.6463975825101342,-1.0440763572911194,177.1096346913214,186.01245651245117,194.91527833358094,186.01245651245117,187.90679718017577,0.9899187219613551
2024-01-23,192.9954071044922,193.55903452389106,191.66052626402544,192.83720939883855,42355600,12.55,0.006631206466708262,-0.0034899924855061326,62.629496313104454,0.18686304716231916,0.9847515235627509,-0.7978884764004317,177.05998987646018,186.03717727661132,195.01436467676245,186.03717727661132,188.15460479736328,0.9887463422804222
2024-01-24,192.32302856445312,194.18199120084623,192.16481576816378,193.23272951111284,53631300,13.14,-0.0034899924855061326,-0.0016980340589844945,60.929728566299964,0.5890708811357115,1.1095674860289146,-0.5204966048932032,176.98985458985638,186.08167419433593,195.17349379881549,186.08167419433593,188.39844451904298,0.9877028160682458
2024-01-25,191.99673461914062,194.07323623297103,190.94860116972282,193.03498542605584,54822100,13.45,-0.0016980340589844945,-0.009053633671939768,60.07760392676637,0.8714487738690195,1.1135563030097781,-0.24210752914075861,176.91620530949217,186.13704833984374,195.35789137019532,186.13704833984374,188.5521060180664,0.9871915634928455
2024-01-26,190.2663116455078,192.58011726192578,189.79168833424328,192.09561130867766,44594000,13.26,-0.009053633671939768,-0.0035925348765130653,55.633935903858806,0.944714534964362,0.9494576512840964,-0.0047431163197344806,176.95096911983998,186.10095672607423,195.25094433230848,186.10095672607423,188.70280029296876,0.9862119504169781
2024-01-29,189.58399963378906,190.04874022336423,187.45807019569023,189.86086444187634,47145600,13.6,-0.0035925348765130653,-0.019433171504388815,53.93977913757666,0.9369210587057637,0.7533313400203985,0.18358971868536517,177.03893480585805,186.0094902038574,194.98004560185677,186.0094902038574,188.78763946533203,0.9852842629456957
2024-01-30,185.9353485107422,189.65327422408475,185.37173610317973,188.80289920326751,55859400,13.31,-0.019433171504388815,-0.019547726426660306,45.891862046149306,0.6290774072777197,0.3563901508738836,0.27268725640383606,177.04318089426346,185.78750381469726,194.53182673513106,185.78750381469726,188.78823364257812,0.9841053132921305
2024-01-31,182.33602905273438,185.00582037875986,182.28660076654825,184.9464792769375,55467800,14.35,-0.019547726426660306,0.01325252273333189,39.61295181366372,0.09359518905537811,-0.14327365387876637,0.23686884293414448,176.9034799142458,185.7261947631836,194.5489096121214,185.7261947631836,188.68322143554687,0.9843280889001921
2024-02-01,184.76852416992188,184.857513201702,181.7625567551165,181.93065217781273,64885400,13.88,0.01325252273333189,-0.005419735341022806,45.08163151675694,-0.13296357871135456,-0.29586593731639926,0.1629023586050447,177.1688614286775,185.85523223876953,194.54160304886156,185.85523223876953,188.62725463867187,0.9853042318555061
2024-02-02,183.76983642578125,185.2332669548565,177.24370243482153,177.84687547061628,102551700,13.85,-0.005419735341022806,0.00979852685091729,43.34602838861638,-0.3886190307254367,-0.44121711146438514,0.05259808073894842,177.74244404901233,186.0500259399414,194.35760783087048,186.0500259399414,188.51650848388672,0.9869163578098195
2024-02-05,185.57936096191406,187.13179578344227,183.75995901240586,186.04410163536497,69668800,13.67,0.00979852685091729,0.008594672189489033,47.30463762888327,-0.44014064374323425,-0.3941909795857461,-0.04594966415748811,178.68172327007568,186.37138748168945,194.06105169330323,186.37138748168945,188.45797180175782,0.9889281185607618
2024-02-06,187.1812286376953,187.19111127921153,184.67954732588265,184.76853636353553,43490800,13.06,0.008594672189489033,0.0005808972499259666,50.595613008874324,-0.3477064160596228,-0.24140540152170775,-0.10630101453791506,178.97626169949274,186.5562942504883,194.13632680148385,186.5562942504883,188.4182223510742,0.9901181102477623
2024-02-07,187.2899932861328,188.91163664571195,186.49894443287428,188.50622203381667,53439000,12.83,0.0005808972499259666,-0.0057713588248158535,50.82020010572943,-0.26264758861378823,-0.12507725926069851,-0.13757032935308972,179.35442048717383,186.76740493774415,194.18038938831447,186.76740493774415,188.40714752197266,0.9912968132802006
2024-02-08,186.21218872070312,187.41851968576853,185.25304448034683,187.27020463334281,40962000,12.79,-0.0057713588248158535,0.004085597778498552,48.468841504873154,-0.2789916339983449,-0.11313704371620417,-0.16585459028214075,179.55471757248327,186.87271270751953,194.19070784255578,186.87271270751953,188.37807708740235,0.9920088133228774
2024-02-09,186.9745330810547,188.10321111496148,186.13296840440984,186.77650719907678,45155200,12.93,0.004085597778498552,-0.009042550837802504,50.22314920638597,-0.22780361079298928,-0.0495592164086788,-0.17824439438431047,179.89196387028215,187.0458023071289,194.19964074397564,187.0458023071289,188.35218963623046,0.9930641245444259
2024-02-12,185.2914276123047,186.79633688725167,184.93500212895557,186.54881961012742,41781900,13.93,-0.009042550837802504,-0.011338357931188167,46.462336285382236,-0.31936780538086396,-0.11289872879724278,-0.20646907658362118,180.06751658048483,187.11842041015626,194.1693242398277,187.11842041015626,188.31300933837892,0.9936563653651984
2024-02-13,183.202392578125,184.36078680146468,181.68758795653508,183.92515394948336,56529500,15.85,-0.011338357931188167,-0.00482147529581229,42.234977298261924,-0.5541132847175163,-0.2781153665071161,-0.2759979182104002,180.37271744969127,187.19980697631837,194.02689650294548,187.19980697631837,188.22057861328125,0.9945767267081876
2024-02-14,182.3212127685547,183.6875129162611,180.62820312290157,183.4796068721132,54630500,14.38,-0.00482147529581229,-0.001575985976817636,40.558663873703296,-0.8020095478134692,-0.42080930368245517,-0.38120024413101405,180.74786793342392,187.2841018676758,193.82033580192765,187.2841018676758,188.08501281738282,0.9957417609318789
2024-02-15,182.0341033935547,182.65785175424014,179.54903541760635,181.727184392981,65434500,14.01,-0.001575985976817636,-0.008466062732845815,40.001571098246494,-1.0099938687825443,-0.5030348997212242,-0.5069589690613201,180.1376912217223,187.05987091064452,193.98205059956675,187.05987091064452,187.9795001220703,0.995107821805949
2024-02-16,180.49949645996094,183.0142804515248,179.86585283584154,181.5984737728991,49752500,14.24,-0.008466062732845815,-0.004122282859608056,37.0706223161613,-1.283853432691302,-0.6215155709039855,-0.6623378617873166,179.22357891288289,186.61405029296876,194.00452167305463,186.61405029296876,187.7643884277344,0.9938735020820608
2024-02-20,179.7569580078125,180.6183133605895,178.2124525032785,179.98466968931257,53665600,15.42,-0.004122282859608056,0.004177230051144155,35.707311718039364,-1.543018797375936,-0.7045447484708955,-0.8384740489050404,178.44107458981725,186.01590576171876,193.59073693362026,186.01590576171876,187.55617919921875,0.9917876689316435
2024-02-21,180.50941467285156,181.07374623255754,178.8658962581704,180.13318356154335,41371400,15.34,0.004177230051144155,0.01118092158213648,38.18807009166389,-1.6684592916143401,-0.6639881941674397,-1.0044710974469004,178.17075658926112,185.39160614013673,192.61245569101234,185.39160614013673,187.32445526123047,0.989681811067336
2024-02-22,182.53900146484375,183.12315360761588,180.64798131414128,181.65784073265692,52292200,14.54,0.01118092158213648,-0.010084637845111297,44.4178027473736,-1.5858207405411804,-0.46507971447542396,-1.1207410260657564,178.3295862348417,184.90240478515625,191.4752233354708,184.90240478515625,187.10484527587892,0.9882288430987703
2024-02-23,180.70741271972656,183.20237592421455,180.42028422645075,183.17267506039363,45119700,13.75,-0.010084637845111297,-0.007479151876310472,40.4552337060128,-1.6491130492477168,-0.4226976185455684,-1.2264154307021484,178.38973355476827,184.33793869018555,190.28614382560284,184.33793869018555,186.8986380004883,0.9862989942693106
2024-02-26,179.3609161376953,180.9450175834942,178.85597124394113,180.43019254491847,40867400,13.74,-0.007479151876310472,0.008081528530348058,37.78642440979449,-1.7873205620516615,-0.44872410507961025,-1.3385964569720512,178.12549172157904,183.79266891479492,189.4598461080108,183.79266891479492,186.6352426147461,0.9847693626341578
2024-02-27,180.81629943847656,182.09348175278842,177.77678047240937,179.3014951345761,54318900,13.43,0.008081528530348058,-0.006647374233095709,42.223063994012605,-1.7591355231656394,-0.33643125295487053,-1.4227042702107688,178.21502088152909,183.3542839050293,188.4935469285295,183.3542839050293,186.33668243408204,0.9839945710630122
2024-02-28,179.6183319091797,181.30144633523983,178.34114943443706,180.69750358801915,48953900,13.84,-0.006647374233095709,-0.0036999188699061505,39.71262362503113,-1.8125704605843964,-0.311892952298902,-1.5006775082854944,177.79705291314664,183.03843307495117,188.2798132367557,183.03843307495117,186.01119659423827,0.9840183624764706
2024-02-29,178.95498657226562,180.75691955299587,177.74710108364005,179.4698267249393,136682600,13.4,-0.0036999188699061505,-0.0060486138299709795,38.35281821826061,-1.8866958035513903,-0.30881463621271665,-1.5778811673386737,177.33819804814968,182.86938095092773,188.4005638537058,182.86938095092773,185.68312286376954,0.984846539257603
2024-03-01,177.87582397460938,178.7371792855814,175.61846756104012,177.76691576574171,73563100,13.11,-0.0060486138299709795,-0.025709166737954245,36.18223961804949,-2.009357452657099,-0.34518102825474006,-1.664176424402359,176.66090211598592,182.5247459411621,188.3885897663383,182.5247459411621,185.3666897583008,0.9846685301396692
2024-03-04,173.36106872558594,175.14318064223312,172.06406578926712,174.400628974546,81510100,13.49,-0.025709166737954245,-0.02885298027847792,28.83087359024696,-2.442712639739966,-0.6228289722700855,-1.8198836674698806,174.94840322609184,182.00430755615236,189.06021188621287,182.00430755615236,184.93919677734374,0.9841305181793083
2024-03-05,168.43055725097656,170.33148818677603,167.93552268101038,169.06420089624305,95132400,14.46,-0.02885298027847792,-0.005895623965593457,23.270326489417055,-3.147715908053044,-1.0622657924665306,-2.0854501155865135,172.13919789807005,181.14686737060546,190.15453684314087,181.14686737060546,184.4548211669922,0.9820663196794843
2024-03-06,167.4404754638672,169.53943215491887,167.00484265804033,169.36121186741923,68587700,14.5,-0.005895623965593457,-0.0007097871611195967,22.338618510959385,-3.7431783729902293,-1.3261826059229724,-2.416995767067257,169.79009159527794,180.15982971191406,190.52956782855017,180.15982971191406,183.95361083984375,0.9793764247920489
2024-03-07,167.32167053222656,169.0344857697736,166.81674075207243,167.47017484778516,71765100,14.44,-0.0007097871611195967,0.010184525702361348,22.223633696555787,-4.176528807325553,-1.4076264322066372,-2.768902375118916,167.92130907394164,179.16141357421876,190.40151807449587,179.16141357421876,183.47138244628906,0.9765087676639052
2024-03-08,169.0344696044922,171.97497562938204,167.26225281020422,167.32165453074688,76267000,14.74,0.010184525702361348,0.011762278111479984,27.979331195824095,-4.331819064275635,-1.250333351325375,-3.08148571295026,166.72852564688878,178.3025276184082,189.8765295899276,178.3025276184082,183.0342868041992,0.9741482360031658
2024-03-11,171.03443908691406,172.6482565736913,170.34139373001014,171.2225546353428,60139500,15.22,0.011762278111479984,0.002774739205870258,34.11082139342643,-4.244578035490321,-0.9304738580320482,-3.3141041774582725,166.23871582428404,177.50552291870116,188.77233001311828,177.50552291870116,182.63521270751954,0.9719129202262146
2024-03-12,171.50967407226562,172.30173241116674,169.31171935776177,171.43046672764987,59825400,13.84,0.002774739205870258,-0.012196612519718679,35.51568036551723,-4.089945059285839,-0.6206727054620531,-3.4692723538237855,165.857076086406,176.81643524169922,187.77579439699244,176.81643524169922,182.23713958740234,0.9702546673088923
2024-03-13,169.4305419921875,171.4700820663792,169.06420612614593,171.05425482761498,52488700,13.75,-0.012196612519718679,0.010867800949793092,32.27359572562047,-4.088041496746854,-0.49501531433845436,-3.5930261824083995,165.1294288264276,176.12784271240236,187.1262565983771,176.12784271240236,181.81824890136718,0.968702777508039
2024-03-14,171.28192138671875,172.5789092413306,170.34135894390695,171.19281881058188,72913500,14.4,0.010867800949793092,-0.0021989156267054042,37.72508755172189,-3.892274349362026,-0.23939853356290097,-3.652875815799125,164.76979316152713,175.57587814331055,186.38196312509396,175.57587814331055,181.5726431274414,0.966973191110503
2024-03-15,170.90570068359375,170.90570068359375,168.5988381717502,169.47010369924573,121752700,14.41,-0.0021989156267054042,0.0063523672328850474,37.07205333686478,-3.724551035285714,-0.057340175589270626,-3.6672108596964432,164.45757200249858,175.0194580078125,185.5813440131264,175.0194580078125,181.3470016479492,0.9651080879053051
2024-03-18,171.99481201171875,175.94519331439105,171.79680120539754,173.82644596151624,75604200,14.33,0.0063523672328850474,0.013493454073346551,40.29413780863019,-3.463818178591623,0.16271414488385627,-3.6265323234754794,164.26689732563668,174.5942237854004,184.92155024516413,174.5942237854004,181.18941864013672,0.9636005518190047
2024-03-19,174.3313446044922,174.85607994565953,171.31163124958826,172.6086191723699,55215200,13.82,0.013493454073346551,0.014602215525361253,46.610063565875855,-3.0336765235975918,0.4742846399023106,-3.5079611634999024,164.27096046696985,174.32294311523438,184.3749257634989,174.32294311523438,181.0930029296875,0.9626155637991066
2024-03-20,176.89564514160156,176.89564514160156,173.35119593354977,173.97494430389506,53423100,13.04,0.014602215525361253,-0.04171559175515285,52.5433933329345,-2.4575395542049705,0.8403372874359456,-3.297876841640916,164.41697649686972,174.1422546386719,183.86753278047405,174.1422546386719,180.96125396728516,0.9623179040865508
2024-03-21,169.6681365966797,175.72736975318543,169.14340118299,175.29173693263047,106181300,12.92,-0.04171559175515285,0.005296232556751463,39.29003654977085,-2.5546974301537944,0.5945435291896977,-3.149240959343492,164.39778186531785,173.49871139526368,182.5996409252095,173.49871139526368,180.69326110839845,0.9601836301530984
2024-03-22,170.56912231445312,171.33147983629345,168.37116745936027,170.05428209514795,71160100,13.06,0.005296232556751463,-0.008335099605241567,41.278505655671005,-2.5298314075544965,0.49552764143119665,-3.025359048985693,164.440627804923,172.991796875,181.54296594507701,172.991796875,180.4225228881836,0.9588148647173681
2024-03-25,169.1533203125,170.23249206020807,167.76721443821097,168.87610215909345,54288300,13.19,-0.008335099605241567,-0.006694962405196483,39.11068382889965,-2.5944609637073768,0.3447184682226534,-2.93917943193003,164.30130786885678,172.48141708374024,180.6615262986237,172.48141708374024,180.13533447265624,0.9575101830447494
2024-03-26,168.02462768554688,169.71763732680742,167.8959138727621,168.31174106723407,57388400,13.24,-0.006694962405196483,0.020990746393716675,37.423353290302344,-2.705568307416513,0.18688889961081356,-2.8924572070273267,164.40164131580804,171.84183349609376,179.28202567637948,171.84183349609376,179.81904571533204,0.9556375567031601
2024-03-27,171.5888671875,171.87599567632833,168.42064920188324,168.71767294274684,60273300,12.78,0.020990746393716675,-0.010615269986465035,45.42974147880667,-2.477458735438347,0.3319987772711839,-2.809457512709531,164.911214104552,171.44036026000975,177.96950641546752,171.44036026000975,179.61932983398438,0.9544649811268411
2024-03-28,169.77703857421875,170.51959037094832,168.81667037520143,170.0443614510728,65672700,13.01,-0.010615269986465035,-0.00849179602793668,42.45603111017629,-2.41504059850422,0.3155335313642489,-2.7305741298684687,165.40949657267393,170.98146286010743,176.55342914754092,170.98146286010743,179.40216430664063,0.9530624311079089
2024-04-01,168.3414306640625,169.54931605122675,167.79688969325008,169.48991432845702,46240500,13.65,-0.00849179602793668,-0.007023339926478112,40.21009737500796,-2.45313709831467,0.22194962524303907,-2.675086723557709,165.8116341276509,170.50474319458007,175.19785226150924,170.50474319458007,179.0386184692383,0.9523350026512606
2024-04-02,167.1632537841797,167.65828830624176,166.55931106297376,167.40087579338118,49329500,14.61,-0.007023339926478112,0.004785971913959819,38.41409270099931,-2.549014425070652,0.10085783878964572,-2.649872263860298,165.47865325729714,170.19485244750976,174.91105163772238,170.19485244750976,178.59356536865235,0.9529730373890796
2024-04-03,167.9652099609375,168.98497988400436,166.90584392266877,167.11374996517486,47691700,14.33,0.004785971913959819,-0.004904187486995423,40.366574172571326,-2.5311096792255796,0.09501006770777476,-2.6261197469333544,165.41636869085045,170.1715850830078,174.92680147516518,170.1715850830078,178.11847259521485,0.9553842597209621
2024-04-04,167.14349365234375,170.2126991824844,167.14349365234375,168.59888151299202,53704400,16.35,-0.004904187486995423,0.0044915755115328155,39.00214795468657,-2.5537872086168534,0.05786603065320106,-2.6116532392700544,165.36577820234226,170.15673599243163,174.94769378252101,170.15673599243163,177.60143432617187,0.9580819920628132
2024-04-05,167.8959197998047,168.69787335368648,167.2721714324497,167.90581505219322,42104800,16.03,0.0044915755115328155,-0.006685799951462834,40.96971569618212,-2.482428916933742,0.10337945786905056,-2.5858083748027925,165.4563134754104,170.18544845581056,174.9145834362107,170.18544845581056,177.1128921508789,0.9608868467397224
2024-04-08,166.7771453857422,167.51969724864153,166.56923932419392,167.35138730592178,37425500,15.19,-0.006685799951462834,0.007216321704644215,38.957521904349726,-2.4874785970282005,0.07866382221967383,-2.5661424192478743,165.1357697067256,170.07258224487305,175.0093947830205,170.07258224487305,176.60850036621093,0.9629920524335739
2024-04-09,167.98501586914062,168.39094781013864,166.67813256359855,167.02464767080627,42373800,14.98,0.007216321704644215,-0.011201780085346752,42.25501326748788,-2.366733224101438,0.1595273561171493,-2.526260580218587,164.9235441450852,169.92011108398438,174.91667802288356,169.92011108398438,176.1628744506836,0.9645625482317679
2024-04-10,166.11378479003906,167.4107728345435,165.45044033625643,167.12365945587084,49709300,15.8,-0.011201780085346752,0.0423608074764433,38.76163705856522,-2.394432824567474,0.10546220452089061,-2.4998950290883646,164.44773967802078,169.65031661987305,174.85289356172532,169.65031661987305,175.6934701538086,0.9656039946809342
2024-04-11,173.30166625976562,173.71750852250418,166.49000200344838,166.6682071669761,91070300,14.91,0.0423608074764433,0.00858981368688756,54.36781484311115,-1.8154555529935124,0.547551580875882,-2.3630071338693943,164.40569653359998,169.84387283325196,175.28204913290395,169.84387283325196,175.44079650878905,0.9680979351045257
2024-04-12,174.7967071533203,176.58872985356905,172.47994902506244,172.52944039553972,101670900,17.31,0.00858981368688756,-0.022106064074457143,56.831991502755635,-1.2218894079383915,0.9128941807448023,-2.134783588683194,164.19357220511824,170.01961212158204,175.84565203804584,170.01961212158204,175.29001007080078,0.9699332668924487
2024-04-15,170.97503662109375,174.8759113224836,170.7869210734751,173.61851932570818,73531800,19.23,-0.022106064074457143,-0.01935337605926143,49.47690251407477,-1.0477826483385115,0.8696007522757458,-1.9173834006142574,164.19485194617678,170.02307891845703,175.85130589073728,170.02307891845703,175.0141403198242,0.971481953445325
2024-04-16,167.69790649414062,172.0343988146065,166.59892920522176,170.04436539186383,73711200,18.4,-0.01935337605926143,-0.008180866592537995,44.19496806172751,-1.1608571613623724,0.6052209914015081,-1.7660781527638805,163.9697976574454,169.80823364257813,175.64666962771085,169.80823364257813,174.6927017211914,0.9720396557469878
2024-04-17,166.3315887451172,168.9552655008738,166.3315887451172,167.9256004082147,50901200,18.21,-0.008180866592537995,-0.005730605115273025,42.17347347347488,-1.3452131710739366,0.3366919853519552,-1.6819051564258918,163.77148443828042,169.4082458496094,175.04500726093835,169.4082458496094,174.30774627685548,0.9718916655633643
2024-04-18,165.38113403320312,166.96525061902096,164.89600984807865,166.36130787024413,43122900,18.0,-0.005730605115273025,-0.012287761947687171,40.77623267340842,-1.550141324692106,0.1054110653870286,-1.6555523900791347,164.0913668657065,168.83252029418946,173.57367372267242,168.83252029418946,173.87174438476563,0.9710175790298352
2024-04-19,163.3614044189453,164.7474951408098,162.4505426435407,164.55939469854349,68149400,18.71,-0.012287761947687171,0.00507785087510481,37.90250082184772,-1.8541501741093214,-0.15887822722414935,-1.695271946885172,163.23251170041368,168.51718368530274,173.8018556701918,168.51718368530274,173.3931726074219,0.9718790027958089
2024-04-22,164.1930389404297,165.59893510418706,163.13367296874276,163.8762247169617,48116400,16.94,0.00507785087510481,0.006371522289764302,39.784298178448914,-2.004862613686896,-0.24767253344137918,-1.757190080245517,162.68305824551416,168.19837951660156,173.71370078768896,168.19837951660156,172.9527896118164,0.9725103590067217
2024-04-23,165.24253845214844,165.39105789202225,163.2822057253187,163.70794332424896,49537800,15.69,0.006371522289764302,0.012622078018644702,42.16615275778391,-2.0163739644019074,-0.2073471073251123,-1.8090268570767951,162.36095745150422,168.002840423584,173.64472339566376,168.002840423584,172.5181497192383,0.9738270477453956
2024-04-24,167.34146118164062,167.61867928406764,164.55936979904956,164.8860792640679,48251800,15.97,0.012622078018644702,0.005134290898850689,46.706399403099084,-1.8349787768327985,-0.020761535804802556,-1.814217241027996,162.31947278475008,167.96868209838868,173.6178914120273,167.96868209838868,172.159150390625,0.9756593345010809
2024-04-25,168.20285034179688,168.91570135131437,166.48012455092012,167.84642483703811,50558300,15.37,0.005134290898850689,-0.003479038786541874,48.49349219418854,-1.6032337962823249,0.168786755796537,-1.7720205520788619,162.39672138286824,167.79938125610352,173.2020411293388,167.79938125610352,171.85915954589845,0.9763772946375274
2024-04-26,167.61868286132812,169.63841695172266,167.49986430971396,168.19292468782604,44838400,15.03,-0.003479038786541874,0.02450524964677214,47.33426037444723,-1.4499970003182625,0.2576188414084797,-1.7076158417267422,162.3654468162953,167.69146347045898,173.01748012462267,167.69146347045898,171.5651089477539,0.9774217176146547
2024-04-29,171.77696228027344,174.2818355072499,171.38094074443057,171.64824848286057,68169400,14.67,0.02450524964677214,-0.018439690852376216,55.49066740917286,-0.9817009016804832,0.5807319520370073,-1.5624328537174905,162.25055858337777,167.86324005126954,173.47592151916132,167.86324005126954,171.35996612548828,0.9795942649074868
2024-04-30,168.6384735107422,173.2521991943247,168.31174889120035,171.60868084411632,65934800,15.65,-0.018439690852376216,-0.006065558794395906,49.286414137703744,-0.853978550725401,0.5667634423936718,-1.4207419931190728,162.32428050686448,167.93700103759767,173.54972156833085,167.93700103759767,171.1227456665039,0.9813832777372866
2024-05-01,167.61868286132812,170.9948217396029,167.43056733625505,167.8959009696714,50383100,15.39,-0.006065558794395906,0.02179282045096395,47.430728135230986,-0.8255300534833623,0.47616955170856845,-1.3016996051919307,162.3052702538818,167.9196746826172,173.5340791113526,167.9196746826172,170.87998016357423,0.9826761129178311
2024-05-02,171.31166076660156,171.69778712393833,169.19291342760516,170.79682058773386,94214900,14.68,0.02179282045096395,0.05809538571453091,54.16140761842179,-0.49923706686470837,0.6419700306617779,-1.1412070975264863,162.33770969640148,168.1280830383301,173.9184563802587,168.1280830383301,170.6960250854492,0.9849560524573807
2024-05-03,181.55885314941406,185.14289799826793,180.84600228009177,184.796367814728,163224100,13.49,0.05809538571453091,-0.009148474261394583,66.84598372123705,0.5795347459738593,1.3765934748002766,-0.7970587288264173,160.5815272103827,168.81122970581055,177.0409322012384,168.81122970581055,170.67642211914062,0.9890717628705148
2024-05-06,179.9054412841797,182.37070337959045,178.62824383792136,180.5390848280799,78569700,13.49,-0.009148474261394583,0.0037900880392720752,63.77919024921186,1.2862258494500622,1.6666276626211838,-0.38040181317112143,159.99171246550884,169.46764450073243,178.94357653595603,169.46764450073243,170.66038269042969,0.9930110423351105
2024-05-07,180.58859252929688,183.06376520709566,179.51933122687228,181.6281680754234,77305800,13.23,0.0037900880392720752,0.001862303647753761,64.50381209627557,1.8797397666051552,1.8081132638210213,0.07162650278413385,159.4912100208653,170.09782333374022,180.70443664661514,170.09782333374022,170.68493621826173,0.9965602536607523
2024-05-08,180.9252166748047,181.25194126160505,179.64801918938014,181.0341248704048,45057100,13.0,0.001862303647753761,0.009964430154665705,64.87668587126106,2.3501752202388957,1.8228389739638096,0.5273362462750862,159.41130266822273,170.83839492797853,182.26548718773432,170.83839492797853,170.68711456298828,1.0008863021990708
2024-05-09,182.73704528808594,182.82614787366472,180.3014688648197,180.74699689996783,48983000,12.69,0.009964430154665705,-0.006914128075296509,66.8925549579053,2.83650071892896,1.847331578123099,0.9891691408058609,158.78857417654504,171.31016387939454,183.83175358224403,171.31016387939454,170.7494888305664,1.003283611872973
2024-05-10,181.47793579101562,183.50040923773955,180.5658387363955,183.3120385724197,50759500,12.55,-0.006914128075296509,0.017491716896486223,64.13762367045962,3.0847583922796105,1.6764714011789996,1.4082869911006108,158.4309993291592,171.64422531127929,184.85745129339938,171.64422531127929,170.79994781494142,1.0049430781867255
2024-05-13,184.6802215576172,185.49318663872077,183.0344740478803,183.84743912898392,72044800,13.6,0.017491716896486223,0.006154429740651709,67.77288536161225,3.499561321245835,1.6730194641161793,1.8265418571296559,157.95558818866468,172.32948455810546,186.70338092754625,172.32948455810546,170.93603576660155,1.008151872630336
2024-05-14,185.82032775878906,186.68286641073877,184.69011878206607,185.89964252722956,52393600,13.42,0.006154429740651709,0.012143894640985729,68.97855559224186,3.875616973136289,1.6392600928053063,2.2363568803309826,157.89171620909775,173.2356056213379,188.57949503357804,173.2356056213379,171.18522094726563,1.0119775799728874
2024-05-15,188.09066772460938,189.0126735344407,185.76084369802737,186.29621459797372,70400000,12.45,0.012143894640985729,0.0006324099855811374,71.28255901994325,4.307190635302419,1.656667003977149,2.65052363132527,158.03547032302265,174.3235595703125,190.61164881760237,174.3235595703125,171.57842315673827,1.0159993101875435
2024-05-16,188.20965576171875,189.458844598736,188.0312088580003,188.83425018022737,52845200,12.42,0.0006324099855811374,0.00015775631319416984,71.40243914507846,4.605725278019037,1.5641613173550133,3.0415639606640235,158.6524374895319,175.4649856567383,192.27753382394468,175.4649856567383,171.9938067626953,1.0201819993369428
2024-05-17,188.23934936523438,189.17127885658363,187.5552728182762,187.88244052020156,41282900,11.99,0.00015775631319416984,0.006143476837476051,71.43448617451398,4.789501763869254,1.3983502425641836,3.39115152130507,159.98135492462472,176.70888290405273,193.43641088348073,176.70888290405273,172.41216033935547,1.0249212268800536
2024-05-20,189.39935302734375,190.2718004798306,187.3867877585141,187.70404687859929,44361300,12.15,0.006143476837476051,0.006833809900691487,72.72058679839326,4.971440878092608,1.26423148543003,3.7072093926625778,161.40607855299396,177.96919860839844,194.53231866380293,177.96919860839844,172.8194580078125,1.0297983841631604
2024-05-21,190.69810485839844,191.07483113273048,189.2803778274553,189.44891605266244,42309400,11.86,0.006833809900691487,-0.007567050868954945,74.12521429596555,5.160935305923317,1.162980730608591,3.997954575314726,162.87528751157976,179.24197692871093,195.6086663458421,179.24197692871093,173.2127313232422,1.0348083282297373
2024-05-22,189.26052856445312,191.16405275409193,188.63594934473116,190.61877317517173,34648500,12.29,-0.007567050868954945,-0.02128301954712243,69.8386309503767,5.13590707287284,0.9103619980464908,4.225545074826349,164.37503934120264,180.33793029785156,196.30082125450048,180.33793029785156,173.56774841308595,1.0390059901488886
2024-05-23,185.27505493164062,189.35966699130785,185.0272019643745,189.33983451815809,51005900,12.77,-0.02128301954712243,0.01645219886405186,59.55599386754023,4.739839682277079,0.41143568596058433,4.328403996316495,166.11432948483878,181.19154052734376,196.26875156984875,181.19154052734376,173.884638671875,1.0420215489492266
2024-05-24,188.34844970703125,188.94330296502375,186.4251079843019,187.1984232707908,36327000,11.93,0.01645219886405186,5.265746426045162e-05,63.96242911126362,4.620686299279896,0.23382584237072113,4.386860456909175,168.2128643239542,182.2280288696289,196.2431934153036,182.2280288696289,174.22596923828124,1.0459292014062702
2024-05-28,188.35836791992188,191.3425125399711,187.4760118609873,189.86530324069457,52280100,12.92,5.265746426045162e-05,0.0015775462528815256,63.976069416297996,4.475466311928301,0.07088468401530079,4.404581627913,169.6650619684285,183.05709915161134,196.4491363347942,183.05709915161134,174.5750225830078,1.0485869996927564
2024-05-29,188.65574645996094,190.5989202616182,187.88244645923604,187.9815936912238,53068000,14.28,0.0015775462528815256,0.005241524732694222,64.41102502443766,4.334410008086962,-0.056137295860830605,4.390547303947793,172.22456239957302,184.05796279907227,195.89136319857153,184.05796279907227,174.90824127197266,1.0523115518203188
2024-05-30,189.64718627929688,190.52954231443272,188.99286588586446,189.12173915319045,49889100,14.47,0.005241524732694222,0.005006067683534732,65.88972633380514,4.253590040430794,-0.10956581081359928,4.363155851244393,175.8119437077892,185.1593879699707,194.50683223215222,185.1593879699707,175.21455810546874,1.0567580112750437
2024-05-31,190.5989532470703,190.9162123421418,188.27905284340878,189.7959119633218,75158300,12.92,0.005006067683534732,0.009216157869756535,67.29458798042306,4.217720022853882,-0.11634866271240885,4.334068685566291,178.96689699510867,186.12375259399414,193.2806081928796,186.12375259399414,175.48862426757813,1.0606029500248402
2024-06-03,192.36366271972656,193.31542486412093,190.86663609575578,191.24336235629542,50080500,13.11,0.009216157869756535,0.0016478380901446253,69.7798503042022,4.282326092111134,-0.04139407476412593,4.32372016687526,179.33782236385102,186.66399307250975,193.9901637811685,186.66399307250975,175.94253479003908,1.060937273043526
2024-06-04,192.680908203125,193.64257895328527,191.37223723797064,192.96841099700254,47471400,13.16,0.0016478380901446253,0.0077905777322906005,70.21799092295542,4.309449277901592,-0.011416711178934058,4.320865989080526,180.221403499842,187.30276641845703,194.38412933707204,187.30276641845703,176.3847705078125,1.0618987448814972
2024-06-05,194.1878662109375,195.20901937445223,193.19645419760306,193.72190135445058,54156800,12.63,0.0077905777322906005,-0.007121945571507548,72.27430625613079,4.401802278470029,0.06474903151160216,4.337053246958427,180.99980865330585,187.98273010253905,194.96565155177225,187.98273010253905,176.88546142578124,1.0627370309990913
2024-06-06,192.80978393554688,194.81244022862765,192.50244866402238,194.0093990023229,41181800,12.58,-0.007121945571507548,0.012315918860200182,67.67271536371642,4.314063139813328,-0.018392085716079087,4.332455225529407,182.09258084230106,188.57695846557618,195.0613360888513,188.57695846557618,177.38116455078125,1.0631171519430958
2024-06-07,195.1990966796875,195.24867030234284,192.47271383884646,192.97832848334124,53103900,12.22,0.012315918860200182,-0.01933345083467237,71.10744500276738,4.386758983534406,0.04344300640399901,4.343315977130407,182.68517411107263,189.20006103515624,195.71494795923985,189.20006103515624,177.853369140625,1.0637980149004636
2024-06-10,191.4614715576172,195.60558138834554,190.49980075281104,195.20900753042525,97010200,12.74,-0.01933345083467237,0.07013136623411645,60.31212785752102,4.095564731885389,-0.1982009961960145,4.293765728081404,184.1726119430285,189.69923782348633,195.22586370394416,189.69923782348633,178.28705780029296,1.064010142766373
2024-06-11,205.3709716796875,205.38089548057218,191.96709351098235,191.98691085726122,172373300,12.85,0.07013136623411645,0.028177570015719442,75.3253046036875,4.930337738400908,0.5092576082556031,4.421080130145305,182.34657879123952,190.73377532958983,199.12097186794014,190.73377532958983,179.02764862060548,1.065387256098034
2024-06-12,211.24012756347656,218.30888368086454,205.1231032111954,205.5890679852297,198134300,12.04,0.028177570015719442,0.005476159953079917,78.9446217157101,5.996370760008489,1.2602325038905473,4.7361382561179415,180.0399374257985,192.00476531982423,203.96959321384995,192.00476531982423,179.9091860961914,1.0672315821448146
2024-06-13,212.40008544921875,214.88852380834695,209.782758705521,212.8957913864929,97862700,11.94,0.005476159953079917,-0.008201877602208267,79.58205982416939,6.8557793603014545,1.6957128833468103,5.160066476954644,178.4765116674015,193.2202362060547,207.9639607447079,193.2202362060547,180.79788360595703,1.0687085067166593
2024-06-14,210.66513061523438,213.32210737882852,209.4853479747781,212.01345147179217,70122700,12.66,-0.008201877602208267,0.019480539351029075,75.88171051993697,7.312575691605673,1.7220073717208226,5.59056831988485,177.96684999975682,194.34300994873047,210.71916989770412,194.34300994873047,181.66831634521483,1.069768322063549
2024-06-17,214.80923461914062,217.06965275202606,210.89316027395952,211.53757201804441,93728300,12.75,0.019480539351029075,-0.011045281330102493,78.45824408039071,7.917714154430826,1.8617166676367791,6.0559974867940465,177.30192711780307,195.67150421142577,214.04108130504846,195.67150421142577,182.60658264160156,1.0715468269589519
2024-06-18,212.4496612548828,216.75240063817128,211.1707464886947,215.72132373307375,79943300,12.3,-0.011045281330102493,-0.0217477285630103,73.63477200284755,8.11336705032815,1.645895650827283,6.467471399500868,177.31603330528426,196.82401962280272,216.33200594032118,196.82401962280272,183.5200329589844,1.0724933755149864
2024-06-20,207.87924194335938,212.4000929584359,207.05638337080816,212.0927425591543,86172500,13.28,-0.0217477285630103,-0.010499321348076424,65.26508295497726,7.809604478954412,1.0737064635628357,6.735898015391577,177.81984820920866,197.68307647705078,217.5463047448929,197.68307647705078,184.31791748046874,1.0725114474993906
2024-06-21,205.70806884765625,210.07027533194446,205.33132746963062,208.58315742215362,241805100,13.2,-0.010499321348076424,0.003127742803415755,61.67848137839214,7.30941652532681,0.45881480794818685,6.850601717378623,178.74349864741117,198.50545349121094,218.2674083350107,198.50545349121094,185.1098031616211,1.0723659692830745
2024-06-24,206.35247802734375,210.87331399723786,204.8157865138524,205.93608683303725,80727000,13.33,0.003127742803415755,0.004458263853892413,62.339988676543406,6.8856390429403405,0.028029860449373167,6.857609182490967,180.49630412956307,199.5593246459961,218.62234516242913,199.5593246459961,185.77081939697266,1.0742232030508454
2024-06-25,207.27450561523438,209.5646648210329,206.81844945769743,207.35380525957078,55549700,12.84,0.004458263853892413,0.019795998917311906,63.315738738019704,6.548702885199333,-0.24712503783330853,6.7958279230326415,181.8888378313328,200.50562744140626,219.12241705147972,200.50562744140626,186.42037536621095,1.0755563979931149
2024-06-26,211.41859436035156,213.01476817493463,208.8310086144187,209.68362348048936,66213200,12.55,0.019795998917311906,0.003977995099310788,67.4036120987569,6.540675050281067,-0.20412229820126093,6.744797348482328,183.33994608165483,201.65863876342775,219.97733144520066,201.65863876342775,187.2292465209961,1.0770680463151547
2024-06-27,212.26129150390625,213.88720639689362,210.52632069800987,212.84622088780682,49772700,12.24,0.003977995099310788,-0.01638773327855436,68.18011558720202,6.52707153237759,-0.17418065288378948,6.70125218526138,184.9875717699681,202.838916015625,220.69026026128188,202.838916015625,188.1205142211914,1.0782392173196367
2024-06-28,208.8111572265625,214.21436386520998,208.49391330369318,213.91693728719588,82542700,12.44,-0.01638773327855436,0.02868923115047554,61.69965560445935,6.1668065371679575,-0.42755651847473874,6.594363055642696,186.84638891830477,203.79711456298827,220.74784020767177,203.79711456298827,188.9701055908203,1.0784621934025538
2024-07-01,214.8885498046875,215.64201747450758,210.10002805599396,210.26856627972688,60402900,12.22,0.02868923115047554,0.016109410326762216,67.55054038118958,6.299076885761053,-0.23622893590531469,6.535305821666368,188.54365737398766,205.01159439086913,221.4795314077506,205.01159439086913,189.96025390625,1.079234156488585
2024-07-02,218.37831115722656,218.4873670751859,213.25271326862932,214.2936836981781,58046200,12.03,0.016109410326762216,0.005794254495032921,70.35136957101513,6.609308669781427,0.05920227849204718,6.55010639128938,189.93657893456972,206.31232681274415,222.68807469091857,206.31232681274415,191.06059204101564,1.0798266906262615
2024-07-03,219.64732360839844,219.64732360839844,217.1489612238199,218.11063203893852,37369800,12.09,0.005794254495032921,0.021389825217201487,71.3207662696724,6.878279765391937,0.2625386992820449,6.6157410661098925,191.55802182764344,207.6606475830078,223.76327333837216,207.6606475830078,192.169677734375,1.0806108957004397
2024-07-05,224.39614868164062,224.5052045874235,219.74642480522968,219.74642480522968,60412400,12.48,0.021389825217201487,0.0065176659226472795,74.65973956859644,7.389450803232677,0.6189677896982273,6.77048301353445,192.7429947251975,209.17106170654296,225.59912868788842,209.17106170654296,193.35274993896485,1.0818106376690864
2024-07-08,225.86346435546875,225.89320550199054,221.3327047505454,225.13972278278513,59085900,12.37,0.0065176659226472795,0.003767807786684971,75.60482571196775,7.822781490014648,0.8418387811841592,6.980942708830489,194.66376719941644,210.82374572753906,226.98372425566168,210.82374572753906,194.5231900024414,1.0837974933728625
2024-07-09,226.71607971191406,227.42989753320916,224.4259205051531,225.97252074204383,48076100,12.51,0.003767807786684971,0.01862892428944646,76.16118990662422,8.141151982565788,0.9281674189882381,7.21298456357755,196.49679549805631,212.39959487915038,228.30239426024445,212.39959487915038,195.69345458984375,1.0853689272557492
2024-07-10,230.97914123535156,231.07828847688273,227.28117906796422,227.3307526887298,62627700,12.85,0.01862892428944646,-0.023494672363996685,78.7684806065969,8.637884176803823,1.139919690581018,7.497964486222805,199.58894824597988,214.3754783630371,229.16200848009433,214.3754783630371,196.96066375732423,1.0884177290708652
2024-07-11,225.61561584472656,230.39421338925845,223.83107137940016,229.40280147827102,64710600,12.92,-0.023494672363996685,0.012966478166253327,68.60231710413412,8.500764820025324,0.8022402670420146,7.69852455298331,200.43461969587779,215.38771057128906,230.34080144670034,215.38771057128906,198.0374368286133,1.0876110801095207
2024-07-12,228.5601043701172,230.64207551688347,226.71607753741577,226.9540218514806,53046500,12.46,0.012966478166253327,0.016604645461826724,70.82824640896844,8.531348285315204,0.6662589858655146,7.865089299449689,200.3837058363403,216.2537094116211,232.12371298690186,216.2537094116211,199.23586944580077,1.0854155429599979
2024-07-15,232.38694763183594,235.1926451763578,231.08820043911544,234.44908623752588,62631300,13.12,0.016604645461826724,0.001790223109879437,73.46157141781053,8.763361593410878,0.7186178351689492,8.044743758241928,200.02086001818066,217.25305252075196,234.48524502332327,217.25305252075196,200.53123474121094,1.0833875969552615
2024-07-16,232.8033447265625,234.24088892580107,230.3347237014565,232.98179160349451,43234300,13.19,0.001790223109879437,-0.025621438978956017,73.73935021576843,8.878487895419482,0.6669953097420418,8.21149258567744,200.1465168820412,218.35996322631837,236.57340957059554,218.35996322631837,201.76106842041017,1.082270058023885
2024-07-17,226.9143524169922,229.47219684306242,224.6935843942369,227.47944931340314,57345900,14.48,-0.025621438978956017,-0.020748486639408197,63.6002242714127,8.397730051552571,0.14898997270010383,8.248740078852467,200.46175270789698,218.96521911621093,237.4686855245249,218.96521911621093,202.66817840576172,1.080412430005765
2024-07-18,222.25473022460938,228.46097889584826,220.36114484151935,228.3023493485251,66034600,15.93,-0.020748486639408197,0.0005797565342873469,56.930050041365774,7.553659542560183,-0.5560644290338281,8.109723971594011,201.14999379012858,219.45547256469726,237.76095133926594,219.45547256469726,203.51516418457032,1.078324917182439
2024-07-19,222.3836212158203,224.85224251867803,221.36246807560826,222.88925101284036,49151500,16.52,0.0005797565342873469,-0.0015615171805409525,57.06418894245451,6.816551051422749,-1.0345383361370102,7.851089387559759,202.63361852994464,220.18069152832032,237.727764526696,220.18069152832032,204.3510647583008,1.0774629033068277
2024-07-22,222.03663635253906,225.82382229500527,221.17409763275575,225.06043082550624,48201800,14.91,-0.0015615171805409525,0.0046773239178589075,56.55355120451312,6.133683201165297,-1.3739249491155698,7.507608150280867,204.74808625754588,220.99711990356445,237.24615354958303,220.99711990356445,205.17329315185546,1.0771242031973296
2024-07-23,223.07760620117188,224.9910392063895,220.7676144514488,222.44310313331528,39960300,14.72,0.0046773239178589075,-0.029175891441415892,57.77433310044838,5.611813583319844,-1.5166356535688195,7.128449236888663,207.02775667593232,221.83337631225587,236.6389959485794,221.83337631225587,205.98010437011717,1.0769650641289734
2024-07-24,216.66314697265625,222.86939506256107,215.2652677100796,222.0762625279836,61777600,18.04,-0.029175891441415892,-0.004816133246842687,48.694633514650484,4.627294330786469,-2.0009239248817554,6.628218255668225,208.83881870245713,222.30280838012695,235.76679805779676,222.30280838012695,206.68380859375,1.075569537317154
2024-07-25,215.62217712402344,218.95332167523742,212.77681471652627,217.0497975364767,51391200,18.46,-0.004816133246842687,0.0021588009106125604,47.392927651591705,3.72017430932911,-2.326435157071293,6.046609466400403,209.6158847122444,222.51298751831055,235.4100903243767,222.51298751831055,207.30264770507813,1.0733726268410793
2024-07-26,216.08816528320312,217.60502442671483,214.15489978899527,216.82180047841348,41601300,16.39,0.0021588009106125604,0.0012837098608709284,48.0622514896645,3.0042454355939014,-2.433891224645201,5.438136660239103,210.3178456251093,222.7043312072754,235.0908167894415,222.7043312072754,207.9080044555664,1.0711676627865052
2024-07-29,216.36573791503906,217.41663210574902,213.89711684474761,215.0967318967012,36311800,16.6,0.0012837098608709284,0.0025627679114106705,48.48271813073078,2.4312386312402055,-2.4055184231991174,4.836757054439323,212.0237690302766,223.08206024169922,234.14035145312184,223.08206024169922,208.473505859375,1.0700739133354353
2024-07-30,216.9209442138672,218.43780333279796,214.26395224147618,217.3075942808937,41643800,17.69,0.0025627679114106705,0.01487953617458846,49.36570774418253,1.9988852142742815,-2.2702974721320333,4.269182686406315,212.39434978222212,223.1836799621582,233.9730101420943,223.1836799621582,209.04773162841798,1.067620673152612
2024-07-31,220.17276000976562,221.89782218872546,218.7352157578384,219.53825698895486,50036300,16.36,0.01487953617458846,-0.01689258636386748,54.305645080860785,1.8967715725717653,-1.8979288910676395,3.794700463639405,212.61637377638704,223.27340240478514,233.93043103318325,223.27340240478514,209.6863998413086,1.0647967754406544
2024-08-01,216.48471069335938,222.55214689360594,215.15622233135366,222.44309097566543,62501000,18.59,-0.01689258636386748,0.006845990103552301,48.52355594445604,1.500949012406977,-1.8350011609859425,3.3359501733929195,212.15809075637432,223.1152717590332,234.07245276169206,223.1152717590332,210.22810699462892,1.0613008648017437
2024-08-02,217.9718475341797,223.66255798049997,215.8403177402066,217.26793834308685,105568600,23.39,0.006845990103552301,-0.049365625359436054,50.79843152740908,1.2923587886121481,-1.6348731078246175,2.9272318964367656,211.63117479393205,222.79405670166017,233.9569386093883,222.79405670166017,210.77358184814454,1.0570302727130954
2024-08-05,207.47280883789062,211.66647767263768,194.31676638799527,197.38022606416695,119548600,38.57,-0.049365625359436054,-0.009796272002861442,38.022929565873845,0.2766755117058324,-2.1204451077847466,2.397120619490579,208.97911214740898,221.87452392578126,234.76993570415354,221.87452392578126,211.13782745361328,1.050851600595004
2024-08-06,205.4502716064453,208.18657796978488,199.3431861620261,203.53685401433648,69660500,27.71,-0.009796272002861442,0.01242084296249949,36.13747056637697,-0.6835827380848514,-2.4645626860603445,1.780979947975493,206.28427997360777,220.8112335205078,235.33818706740786,220.8112335205078,211.54133178710939,1.043820759069095
2024-08-07,208.01805114746094,211.80523672133984,204.61750047992084,205.12311510057037,63516400,27.85,0.01242084296249949,0.0164965317754472,40.19231679988223,-1.2232945916223343,-2.403419631678262,1.1801250400559276,204.90458503294397,219.66317901611328,234.42177299928258,219.66317901611328,211.93472381591798,1.0364662055421747
2024-08-08,211.47808837890625,212.36044444161047,207.0365669160157,211.27980900719393,47161100,23.79,0.0164965317754472,0.013642366558736178,45.237950178310136,-1.3561907137757885,-2.029052603065373,0.6728618892895843,204.05226827491688,218.95630264282227,233.86033701072765,218.95630264282227,212.39711822509764,1.0308817015623217
2024-08-09,214.38291931152344,214.91827509282652,210.1495861717322,210.2784745623819,42201600,20.37,0.013642366558736178,0.007104697004127898,49.118916172772984,-1.213132037490368,-1.508795141423962,0.29566310393359385,203.89972997717726,218.24744338989257,232.59515680260787,218.24744338989257,212.9116616821289,1.025061011997219
2024-08-12,215.91146850585938,217.8767320905019,213.9958359256548,214.4623401059105,38028100,20.71,0.007104697004127898,0.017046976914585166,51.08344866374543,-0.9652886142144155,-1.0087613745184074,0.04347276030399197,204.6077143096365,217.42366943359374,230.239624557551,217.42366943359374,213.43694732666015,1.0186786878132774
2024-08-13,219.6236572265625,220.2390393048837,217.380462936734,217.380462936734,44155300,18.12,0.017046976914585166,0.002031526339745476,55.57001729990264,-0.4639798391789327,-0.40596207958633973,-0.05801775959259297,205.98633773872504,216.76468505859376,227.54303237846247,216.76468505859376,214.01744140625,1.0128365409580284
2024-08-14,220.07028198242188,221.37053243582614,218.06530765715263,218.9288446755302,41960600,16.19,0.002031526339745476,0.01343984942002915,56.091814095156984,-0.0303008487073555,0.022173528708189977,-0.052474377415545476,206.5590844215746,216.42248153686523,226.28587865215587,216.42248153686523,214.5715737915039,1.0086260622162366
2024-08-15,223.04795837402344,223.67327566716008,221.1025352094067,222.9288560878089,46414000,15.23,0.01343984942002915,0.005901075846388807,59.50634922779073,0.5473568855928193,0.47986501040669177,0.06749187518612748,206.49937855598674,216.46214294433594,226.42490733268514,216.46214294433594,215.17891479492187,1.0059635403898057
2024-08-16,224.36807250976562,225.14226768918678,221.98592068094572,222.25391598005478,44340200,14.8,0.005901075846388807,-0.0007080082199384163,60.955986068587684,1.099008296393265,0.8252131369657101,0.273795159427555,206.32880682299808,216.5613655090332,226.79392419506834,216.5613655090332,215.78251892089844,1.0036094053959037
2024-08-19,224.2092742919922,224.30853630427512,221.38047353975193,224.04054098731652,40687800,14.65,-0.0007080082199384163,0.0027408712862878443,60.67460294053568,1.5060218425097673,0.9857813464657699,0.5202404960439975,206.16473980347476,216.66999740600585,227.17525500853694,216.66999740600585,216.41050872802734,1.0011990576590004
2024-08-20,224.82464599609375,225.47973889834265,223.7725353535306,224.0901616619868,30299000,15.88,0.0027408712862878443,-0.0004857937997297011,61.4178693088741,1.856833938027819,1.0692747535870573,0.7875591844407618,206.01406849808046,216.75734939575196,227.50063029342346,216.75734939575196,217.00301971435547,0.9988678944701926
2024-08-21,224.7154541015625,226.2836998547364,223.37550792716294,224.83457153469638,34765500,16.27,-0.0004857937997297011,-0.008293986260495234,61.19684605517724,2.1018157541773235,1.0514052557892493,1.0504104983880742,205.87128904475856,217.15996475219725,228.44864045963595,217.15996475219725,217.66809936523438,0.9976655531310332
2024-08-22,222.859375,226.64102413052154,222.2340576918725,226.09511339685906,43695300,17.55,-0.008293986260495234,0.010235611546731548,57.4145464831995,2.1217374680823298,0.8570615757554045,1.2646758923269252,205.9921183976377,217.5218246459961,229.0515308943545,217.5218246459961,218.01786743164064,0.9977247608579601
2024-08-23,225.15219116210938,226.52192810531062,222.66087229355688,223.98097823318813,38677300,15.86,0.010235611546731548,0.0014977689825090108,60.64995795524121,2.2960690179131404,0.8251145004689722,1.4709545174441683,206.00230764698722,217.97502593994142,229.94774423289562,217.97502593994142,218.29610870361327,0.998529141148788
2024-08-26,225.4896697998047,225.58893181224732,222.22415556593285,225.07279660900764,30602200,16.15,0.0014977689825090108,0.0037345361424810227,61.1182063229041,2.433408909614826,0.7699635137365264,1.6634453958782998,206.05020743562017,218.43122253417968,230.8122376327392,218.43122253417968,218.557900390625,0.9994203922337334
2024-08-27,226.33334350585938,227.14724957253156,223.21670725505913,224.31844891527626,35934600,15.43,0.0037345361424810227,-0.006776439034797424,62.32517291470078,2.5805818393841378,0.7337091548046701,1.8468726845794676,206.07857780854965,218.9018424987793,231.72510718900895,218.9018424987793,218.8712646484375,1.0001397070117493
2024-08-28,224.80479431152344,228.14971479709,224.0008084384826,226.22414704916858,38052200,17.11,-0.006776439034797424,0.01446507824791516,58.76587952491242,2.5445443775255114,0.5581373543568349,1.9864070231686766,206.0618153308728,219.1334442138672,232.20507309686158,219.1334442138672,219.07117584228516,1.000284238085374
2024-08-29,228.0802459716797,231.18696212304621,227.1770283167567,228.3879521456165,51906300,15.65,0.01446507824791516,-0.003443830085628291,63.56728408532525,2.7486018332609774,0.6097558480738403,2.138845985187137,206.1438137778716,219.7132209777832,233.28262817769482,219.7132209777832,219.3837875366211,1.0015016307488407
2024-08-30,227.29612731933594,228.68570457235603,225.78743262658827,228.4772755570311,52990800,15.0,-0.003443830085628291,-0.027582195409840964,61.71462739044836,2.8146020347669207,0.5406048396638266,2.273997195103094,206.24555513244977,220.179434967041,234.11331480163224,220.179434967041,219.77212524414062,1.0018533274975063
2024-09-03,221.1124725341797,227.29611365629745,219.52437135882835,226.84946493362216,50190600,20.72,-0.027582195409840964,-0.008656119086619325,49.46986971190498,2.340953354683421,0.053564927664261575,2.2873884270191596,208.2053901299804,220.86141815185547,233.51744617373055,220.86141815185547,220.08021331787108,1.0035496368447083
2024-09-04,219.20675659179688,220.1298295937355,215.86182100754215,220.01072730838987,43840200,21.32,-0.008656119086619325,0.00690396022963689,46.413512346391705,1.791160628676522,-0.3969822386741102,2.1881428673506322,210.99796144069884,221.54924240112305,232.10052336154726,221.54924240112305,220.33729888916017,1.0055004010581639
2024-09-05,220.7253875732422,223.80231295165626,219.87178579311316,219.9809679444758,36615400,19.9,0.00690396022963689,-0.007039707223623784,49.11162879028866,1.4611436067787054,-0.5815994084575413,2.0427430152362467,213.6270461392512,222.18460922241212,230.74217230557304,222.18460922241212,220.60631652832032,1.0071543404510324
2024-09-06,219.177001953125,223.56411324365834,218.13481142105056,222.2837029728863,48423000,22.38,-0.007039707223623784,0.0004073944833826125,46.538680716080925,1.0624141115869747,-0.7842631229194177,1.8466772345063924,215.39164602716716,222.56955490112304,229.74746377507893,222.56955490112304,220.76148468017578,1.0081901524786656
2024-09-09,219.2663116455078,219.62363365317324,215.0975649862482,219.17698492990527,67180000,19.45,0.0004073944833826125,-0.0036279083487940223,46.712092855090056,0.7450363445290122,-0.8813127119819042,1.6263490565109164,216.48427088091867,222.81372451782227,229.14317815472586,222.81372451782227,220.9015850830078,1.00865606932651
2024-09-10,218.47227478027344,219.83207646515766,215.1174187834135,217.29112653781655,51591000,19.08,-0.0036279083487940223,0.011518497367034124,45.3050315601964,0.4245461349973141,-0.961442337210882,1.385988472208196,217.09045595166333,222.94176483154297,228.7930737114226,222.94176483154297,221.09480743408204,1.0083536896180232
2024-09-11,221.0032958984375,221.43008920211523,216.26878297144034,219.81222755985956,44587100,17.69,0.011518497367034124,0.0004938825789835336,50.43054761615686,0.3705165029386137,-0.8123775754156659,1.1828940783542796,217.28638249262698,223.01074676513673,228.73511103764648,223.01074676513673,221.21710235595702,1.0081080729748173
2024-09-12,221.1124725341797,221.88666769221828,218.18442519080247,220.8444772424724,37455600,17.07,0.0004938825789835336,-0.0012127431965711709,50.64539817950315,0.3326724316362686,-0.6801773173744088,1.0128497490106774,217.42823943827653,223.0628562927246,228.69747314717267,223.0628562927246,221.2717855834961,1.0080944378177517
2024-09-13,220.844482421875,222.37301734416337,220.25887596851652,221.91644846858938,36766600,16.56,-0.0012127431965711709,-0.028168239594902656,50.07169348676038,0.2778532507838065,-0.5879971985814968,0.8658504493653033,217.2356425118487,222.9526824951172,228.66972247838567,222.9526824951172,221.29572875976564,1.007487508885227
2024-09-16,214.71047973632812,215.60377723416104,212.32832783334672,214.92882889414335,59357400,17.14,-0.028168239594902656,0.0021702268293856642,39.14213148157497,-0.25758482025003104,-0.8987482156922676,0.6411633954422366,215.76622391134444,222.4698028564453,229.17338180154618,222.4698028564453,221.10201538085937,1.0061862279872478
2024-09-17,215.1769561767578,215.2861383219032,212.90400170360138,214.14470101422842,45519300,17.61,0.0021702268293856642,0.017830021919912533,40.2109466085228,-0.6369403470912687,-1.022482994026804,0.3855426469355355,214.65923910934643,222.0181869506836,229.37713479202077,222.0181869506836,220.88828521728516,1.0051152632756735
2024-09-18,219.0479736328125,221.05294820219595,215.92140190435074,215.93133719300198,59894900,18.23,0.017830021919912533,0.036395034936335904,48.321909443955676,-0.6180985229415228,-0.8029129359016467,0.18481441296012385,214.38023060585257,221.72935333251954,229.0784760591865,221.72935333251954,220.73492309570312,1.0045050879256894
2024-09-19,227.16708374023438,228.11002736409566,222.95864123060412,223.31596324984213,66781300,16.33,0.036395034936335904,-0.002931758923060741,60.44300790850815,0.05138574697517129,-0.10674293278796207,0.15812867976313336,214.23091632545953,221.85193481445313,229.47295330344673,221.85193481445313,220.6586819458008,1.0054076860159322
2024-09-20,226.50205993652344,231.35567496568984,225.9263736470506,228.25889437635817,318679900,16.15,-0.002931758923060741,-0.007609837063132509,59.21782365686359,0.5222745353947573,0.29131668450529913,0.23095785088945817,214.15568236990615,222.0340690612793,229.91245575265245,222.0340690612793,220.67641082763672,1.0061522580893478
2024-09-23,224.7849578857422,227.74278104335218,224.12986496132828,225.64847983003366,54146000,15.89,-0.007609837063132509,0.003966123923665201,56.05818120696558,0.7482758495028179,0.41385439889068776,0.33442145061213013,214.16481133180153,222.01570739746094,229.86660346312036,222.01570739746094,220.6009078979492,1.0064133892874376
2024-09-24,225.67825317382812,227.64353192764617,224.05045616714196,226.94872814757065,43556100,15.39,0.003966123923665201,-0.004407859930241056,57.33360657526405,0.9880750690131208,0.5229228947207926,0.46515217429232825,214.15713944140956,222.0251365661621,229.89313369091465,222.0251365661621,220.46673400878908,1.0070686517146432
2024-09-25,224.68568420410156,225.59883710649478,222.35317851779175,223.2563961324406,42308700,15.41,-0.004407859930241056,0.005067342695137321,55.409146881184334,1.0855125446169325,0.4962882962596833,0.5892242483572492,214.2238285280433,221.94275360107423,229.66167867410516,221.94275360107423,220.30438079833985,1.0074368598427197
2024-09-26,225.82713317871094,226.7998372114188,223.73283210674714,225.60876888531146,36636700,15.37,0.005067342695137321,0.0011859335986876128,57.18880822549005,1.240537692484878,0.5210507553021031,0.719486937182775,214.1867726168775,221.9938705444336,229.8009684719897,221.9938705444336,220.2826364135742,1.007768356865162
2024-09-27,226.09510803222656,227.81224676693589,225.60876359989413,226.76013618443497,34026000,16.96,0.0011859335986876128,0.022614431919190426,57.61648023696688,1.369235871379999,0.5197991473577792,0.8494367240222198,214.35361855781642,221.89461364746094,229.43560873710547,221.89461364746094,220.35944396972656,1.0069666616055961
2024-09-30,231.26637268066406,231.26637268066406,227.94129216556473,228.32838978012126,54541900,16.73,0.022614431919190426,-0.029574715251223918,64.9028716984051,1.8669864863853434,0.8140398098904988,1.0529466764948445,213.82029798636395,222.09312591552734,230.36595384469072,222.09312591552734,220.53709899902344,1.0070556243079574
2024-10-01,224.52688598632812,227.9412778656533,222.07526286618742,227.81225543239978,63285000,19.26,-0.029574715251223918,0.002516574093651485,52.28684366140739,1.6980629699737335,0.5160930347831112,1.1819699351906223,213.93825945214857,222.26384658813475,230.58943372412094,222.26384658813475,220.58690399169922,1.0076021856515047
2024-10-02,225.09263610839844,225.67824256269316,221.360617941662,224.20925878310885,32880600,18.9,0.002516574093651485,-0.0049065817571294175,53.1108184135048,1.591495404517559,0.32762037546154943,1.2638750290560097,214.2695812462723,222.55814056396486,230.8466998816574,222.55814056396486,220.62720458984376,1.0087520302752817
2024-10-03,223.99090576171875,225.12242301224842,221.65839996957536,223.4648504260935,34044200,20.49,-0.0049065817571294175,0.004994839049835235,51.254538670889836,1.4019782768094444,0.11048259820274775,1.2914956786066967,214.45507834880814,222.72141647338867,230.9877545979692,222.72141647338867,220.773759765625,1.0088219574184512
2024-10-04,225.1125030517578,226.30357145139808,222.46237094034984,226.20430944090455,37245100,19.21,0.004994839049835235,-0.022788754253066403,53.05345271148714,1.3269913847699115,0.028396564930571966,1.2985948198393396,214.85663969035866,223.0181915283203,231.17974336628194,223.0181915283203,220.96356628417968,1.0092984797389548
2024-10-07,220.0404815673828,224.01071891041394,219.68315960069987,222.82957087762162,39505400,22.64,-0.022788754253066403,0.01823695299765089,44.97108809401806,0.8485128593783031,-0.3600655683688292,1.2085784277471323,214.95980389034608,223.05690002441406,231.15399615848204,223.05690002441406,221.04261260986328,1.0091126656112501
2024-10-08,224.0901641845703,224.298593199742,221.58890998571715,222.63110049734397,31855700,21.42,0.01823695299765089,0.01656049773203383,51.34462100023667,0.787018464395544,-0.33724797068127055,1.1242664350768146,215.51110118072936,223.3377944946289,231.16448780852843,223.3377944946289,221.19710113525392,1.009677764077324
2024-10-09,227.8321075439453,228.04055170887608,223.1571606453159,223.554178398676,33591100,20.86,0.01656049773203383,-0.002180699851122736,56.37276701528225,1.0283728278845956,-0.07671488575377516,1.1050877136383708,215.6954643660892,223.6792350769043,231.66300578771938,223.6792350769043,221.41532440185546,1.0102247244230484
2024-10-10,227.3358154296875,227.7923994519787,225.47973405841245,226.0851959438118,28183500,20.93,-0.002180699851122736,-0.006526593363848884,55.552778713635504,1.1661585243197408,0.04885664854509608,1.1173018757746447,215.94616473264176,223.9904022216797,232.0346397107176,223.9904022216797,221.55858551025392,1.010975953406749
2024-10-11,225.85691833496094,227.70307961960657,225.6484741750507,227.5938974682738,31759200,20.46,-0.006526593363848884,0.01634561284817792,53.0752667828227,1.1428460279380488,0.020435321730723155,1.1224107062073256,216.292695523551,224.24102401733398,232.18935251111697,224.24102401733398,221.74602966308595,1.0112515852393789
2024-10-14,229.5790252685547,230.00581860221664,226.89911753216435,226.99836439928595,39882100,19.7,0.01634561284817792,0.010964290164964917,58.13571743592615,1.4084775764391964,0.22885349618549644,1.1796240802537,218.02041611340468,224.9844512939453,231.94848647448595,224.9844512939453,221.97817321777345,1.0135431246802025
2024-10-15,232.11004638671875,235.7229623804217,230.6410474142004,231.87182665313995,64751400,20.64,0.010964290164964917,-0.008891360997468364,61.19988166522182,1.8024472540479337,0.49825853903538686,1.3041887150125469,219.7856182686262,225.83110580444335,231.8765933402605,225.83110580444335,222.47091796875,1.0151039419730599
2024-10-16,230.055419921875,230.39288648800354,228.1298522341637,229.87676649695567,34082200,19.58,-0.008891360997468364,0.0015951415232058656,57.519401065142354,1.9266704201749292,0.4979853641299057,1.4286850560450235,220.9314257935845,226.3814781188965,231.83153044420848,226.3814781188965,222.96302093505858,1.0153319468380975
2024-10-17,230.4226837158203,232.11004699556463,228.8048220166126,231.69315867439417,32993800,19.11,0.0015951415232058656,0.012201807667000455,58.00555711707991,2.0313373011854594,0.48212179611234873,1.5492155050731107,220.822377803173,226.54425811767578,232.26613843217856,226.54425811767578,223.41111358642578,1.014024121186066
2024-10-18,233.25148010253906,234.4226930307779,232.26884075534687,234.4226930307779,46431500,18.03,0.012201807667000455,0.006278149585819692,61.64638099403625,2.3158510957759972,0.6133084725623092,1.702542623213688,220.45667061875125,226.88172912597656,233.30678763320188,226.88172912597656,223.84658142089845,1.0135590531953274
2024-10-21,234.72047424316406,235.08773156933626,232.7055796017645,232.7055796017645,36254500,18.37,0.006278149585819692,-0.002625294547354171,63.41997768931552,2.6295540161942483,0.7416091143844481,1.8879449018098002,220.18794675660976,227.37850494384764,234.56906313108553,227.37850494384764,224.25333251953126,1.0139359018178435
2024-10-22,234.10507202148438,234.46239402859047,230.8693336731526,232.14972869721714,38846600,18.2,-0.002625294547354171,-0.02186028465352799,62.123900356789946,2.796274314892827,0.7266635304664213,2.0696107844264056,220.08847869235103,227.79984588623046,235.51121308010988,227.79984588623046,224.61720458984374,1.0141691786352622
2024-10-23,229.04299926757812,233.39041424004768,226.06532109909307,232.33830371042365,52287000,19.24,-0.02186028465352799,-0.0008235593750605305,52.60130453356917,2.4912171860414674,0.33728512129204935,2.153932064749418,220.42529387411773,228.0177116394043,235.61012940469087,228.0177116394043,224.80559143066407,1.0142884355691435
2024-10-24,228.8544464111328,229.10258628095696,226.71051430099084,228.26882480795348,31109500,19.08,-0.0008235593750605305,0.0036366154649027,52.27984938827937,2.208781120062099,0.043879244250144556,2.1649018758119545,220.63691562686304,228.1690773010254,235.70123897518775,228.1690773010254,224.9812747192383,1.014169190683826
2024-10-25,229.68821716308594,231.48474758840828,227.86191116183892,228.03064447383113,38802300,20.33,0.0036366154649027,0.008562474239970454,53.62932641263367,2.02883963410801,-0.10884979336315537,2.1376894274711655,220.8516904986523,228.34873275756837,235.84577501648445,228.34873275756837,225.11407989501953,1.0143689495746215
2024-10-28,231.66336059570312,232.983466430484,230.8196941830456,231.58396917060392,36087100,19.8,0.008562474239970454,0.0011561397730444284,56.74958531590171,2.0223004572973764,-0.09231117613903139,2.114611633436408,220.83871537927803,228.36858215332032,235.8984489273626,228.36858215332032,225.25998565673828,1.0138000385977075
2024-10-29,231.9313507080078,232.58644353988512,230.59140461944537,231.3655997315715,35417200,19.34,0.0011561397730444284,-0.015395687055451449,57.170692925720786,2.0155091401817344,-0.07928199460373886,2.0947911347854733,221.27304550017416,228.7388053894043,236.20456527863442,228.7388053894043,225.4144271850586,1.0147478501969018
2024-10-30,228.38795471191406,231.73287549326048,227.8420439394486,230.8792736886572,47070900,20.35,-0.015395687055451449,-0.01837746191272243,50.20963171856302,1.7045554744890126,-0.3121885282371686,2.016744002726181,221.62382622575436,228.90357131958007,236.18331641340578,228.90357131958007,225.485693359375,1.0151578484172727
2024-10-31,224.22909545898438,228.11992645086093,223.69310490697208,227.63356689740596,64370100,23.16,-0.01837746191272243,-0.013368510092628611,43.51294890290674,1.1097448219377668,-0.7255993446307316,1.8353441665684984,221.66721138165423,228.91548080444335,236.16375022723247,228.91548080444335,225.47596618652344,1.0152544622652802
2024-11-01,221.25143432617188,223.67328184782377,218.6310779402587,219.32586653780092,65276700,21.88,-0.013368510092628611,-0.004045708472273717,39.455390563503876,0.3935441938520512,-1.153439978173158,1.546984172025209,220.89661591918068,228.72242736816406,236.54823881714745,228.72242736816406,225.44380737304687,1.0145429587679557
2024-11-04,220.35812377929688,221.13231895883285,218.0752491010658,219.34572401852256,44944500,21.98,-0.004045708472273717,0.006465272749537412,38.3014760396004,-0.2433277286878024,-1.4322495205704093,1.188921791882607,220.98206075936594,228.73830947875976,236.49455819815358,228.73830947875976,225.34792602539062,1.015045106086253
2024-11-05,221.78741455078125,222.28369429475046,219.49460455688452,220.14969745378525,28111300,20.49,0.006465272749537412,-0.0032723454648742574,41.26148526829199,-0.6255109941640171,-1.4515462288372993,0.8260352346732822,220.5331593417576,228.6231719970703,236.713184652383,228.6231719970703,225.27388092041016,1.0148676405048638
2024-11-06,221.06283569335938,224.38791581537038,219.54422098922427,220.95365355112233,54561100,16.27,-0.0032723454648742574,0.021146995079634842,40.20834967701511,-0.9756151595119036,-1.4413203153481486,0.4657051558362451,219.5499127709563,228.28470840454102,237.01950403812575,228.28470840454102,225.16847076416016,1.0138395825570303
2024-11-07,225.7874298095703,226.18446269494834,222.89909318788202,222.95864433437472,42137700,15.2,0.021146995079634842,-0.0011889038318105918,49.29588604196446,-0.8619044745509825,-1.062087704309782,0.20018322975879962,219.41297958379076,228.20728912353516,237.00159866327957,228.20728912353516,225.18812347412108,1.0134073040923983
2024-11-08,225.51914978027344,227.20835428792034,224.9726384261151,225.72780810336752,38328800,14.94,-0.0011889038318105918,-0.012101585643438287,48.84193708282235,-0.7843938892457345,-0.7876616952036273,0.0032678059578928054,219.37682540186498,228.19040069580078,237.00397598973657,228.19040069580078,225.13690155029298,1.0135628549761564
2024-11-11,222.80645751953125,224.26712634517858,220.0937933412938,223.5715733715174,42005600,14.97,-0.012101585643438287,0.0,44.39065825459728,-0.9311243644162914,-0.7475137362993474,-0.18361062811694404,218.76154976393556,227.8517723083496,236.94199485276366,227.8517723083496,225.04710815429686,1.0124625647361343
2024-11-12,222.80645751953125,224.15782408060912,221.94198562097503,223.1244332571579,40398300,14.71,0.0,0.0039613681193352126,44.39065825459728,-1.0354730345423206,-0.6814899251403013,-0.3539831094020194,218.26348819129345,227.38659286499023,236.50969753868702,227.38659286499023,225.0809878540039,1.0102434462944594
2024-11-13,223.69082641601562,225.2111120360391,221.34580821096,222.58787261698694,48566200,14.02,0.0039613681193352126,0.013676494129966283,46.24303351145963,-1.034879481963742,-0.5447170980493781,-0.4901623839143639,217.89594972652188,227.06836318969727,236.24077665287265,227.06836318969727,225.1706692504883,1.008427802544291
2024-11-14,226.77114868164062,227.41701609796436,223.57158960851197,223.59146688403666,44923900,14.31,0.013676494129966283,-0.014209726692821893,52.213812285865615,-0.7768972360251212,-0.2293878816886058,-0.5475093543365154,217.84326434994512,226.8857864379883,235.92830852603146,226.8857864379883,225.29158447265624,1.0070761718377703
2024-11-15,223.5715789794922,225.4793879673537,222.84621765747355,224.96268496170848,47923700,16.14,-0.014209726692821893,0.013332994360030487,46.44347690591439,-0.8211571935263464,-0.2189182713518648,-0.6022389221744816,217.74600811833872,226.40179138183595,235.05757464533318,226.40179138183595,225.3794760131836,1.0045359736686608
2024-11-18,226.57241821289062,228.28149999782985,223.74050538640262,223.8199993254601,44633700,15.58,0.013332994360030487,0.0011395214906782835,51.821300608392235,-0.6070926949610396,-0.0038830182292463045,-0.6032096767317933,218.2210751601945,225.99438858032227,233.76770200045004,225.99438858032227,225.52559814453124,1.0020786573215985
2024-11-19,226.83074951171875,228.69881907074455,225.22103903072198,225.53899960732684,36211800,16.35,0.0011395214906782835,0.003149168054939831,52.26566986027558,-0.41185228398526874,0.15308591419721962,-0.5649381981824884,218.78388440548247,225.63067245483398,232.4774605041855,225.63067245483398,225.69276763916017,0.999724868523809
2024-11-20,227.54620361328125,228.4702922716314,224.45594670445817,226.61216873586113,35169600,17.16,0.003149168054939831,-0.0020982982677535743,53.54364811654984,-0.19711941504502306,0.29425502650997226,-0.4913744415549953,218.82819120658033,225.55583267211915,232.28347413765798,225.55583267211915,225.82362579345704,0.9988141492264285
2024-11-21,227.06924438476562,228.69883223369175,224.2770861035494,227.42695953023323,42108300,16.87,-0.0020982982677535743,0.005890135969549004,52.533892277232354,-0.06468306683899527,0.34135309977280004,-0.4060361666117953,218.87027037118614,225.4665725708008,232.06287477041545,225.4665725708008,225.94276123046876,0.9978924367522346
2024-11-22,228.41065979003906,229.25526960886552,226.6121530455377,226.6121530455377,38168300,15.24,0.005890135969549004,0.012966503684692939,55.098583994941265,0.1468222305161646,0.442286717702368,-0.2954644871862034,218.94793254708733,225.40269470214844,231.85745685720954,225.40269470214844,226.09408477783202,0.9969420249257606
2024-11-25,231.39163208007812,231.76922452168117,228.2815130321861,229.99059491471002,90152800,14.6,0.012966503684692939,0.009360463443725013,60.23994247108141,0.5486566805779773,0.6752969342113446,-0.12664025363336723,218.9861790395447,225.38910827636718,231.79203751318965,225.38910827636718,226.42770782470703,0.9954131075285897
2024-11-26,233.56773376464844,234.07450576495518,231.8487208075284,231.8487208075284,45986200,14.1,0.009360463443725013,-0.0005532298609193555,63.523446650688896,1.030823900557067,0.9259713233523473,0.1048525772047196,218.7042058385531,225.4709274291992,232.23764901984532,225.4709274291992,226.79552337646484,0.994159514581481
2024-11-27,233.4385528564453,234.19373774290258,232.32566796514345,232.98148163119754,33498400,14.1,-0.0005532298609193555,0.010164053303472063,63.18983468413921,1.3865379303642555,1.0253482825276288,0.36118964783662677,218.20493108287715,225.72345733642578,233.2419835899744,225.72345733642578,227.0833349609375,0.9940115481184666
2024-11-29,235.82333374023438,236.30028225823045,232.4846637904217,233.31932748739487,28481400,13.51,0.010164053303472063,0.0094774175150507,66.66983919477381,1.8396691874059172,1.1827836316554323,0.6568855557504849,217.6349023762874,226.30316925048828,234.97143612468915,226.30316925048828,227.2564599609375,0.9958052206277741
2024-12-02,238.06895446777344,239.26133321145704,235.654388648958,235.76369091824088,48137100,13.34,0.0094774175150507,0.012691008490703965,69.58567357029375,2.352859498824529,1.3567791544592351,0.9960803443652937,217.40272625180833,227.14404525756837,236.8853642633284,227.14404525756837,227.4877978515625,0.9984889185387498
2024-12-03,241.1095428466797,241.21884512379424,237.38334952948236,238.2875760799829,38861000,13.3,0.012691008490703965,0.0014825074863604628,73.02654136142463,2.970672525189741,1.5796737446595577,1.3909987805301833,217.2096355073762,228.1816162109375,239.15359691449882,228.1816162109375,227.81428955078124,1.0016123951701212
2024-12-04,241.46725463867188,242.56027739454964,239.7184333911867,241.32814402991647,44383900,13.45,0.0014825074863604628,0.00012340628273707047,73.40770019617527,3.4493956657181,1.6467175081503334,1.8026781575677668,217.1807897263927,229.16560821533204,241.15042670427138,229.16560821533204,228.13006958007813,1.0045392465673642
2024-12-05,241.49705505371094,242.98753231090083,240.59284370740727,242.4410361127995,40033900,13.54,0.00012340628273707047,-0.0008232493033495472,73.44137063302426,3.7875315420814104,1.5878827076109148,2.1996488344704956,217.667645356882,230.18731918334962,242.70699300981724,230.18731918334962,228.46629699707032,1.007532936844078
2024-12-06,241.29832458496094,243.0769692456264,240.5431549096241,241.36788746709487,36870600,12.77,-0.0008232493033495472,0.015972889432687393,72.77956699877886,3.9934369173138293,1.4350304662746671,2.558406451039162,217.72823370210793,230.96286392211914,244.19749414213035,230.96286392211914,228.77572082519532,1.0095602063411047
2024-12-09,245.18350219726562,245.67039687977774,240.21524480725012,240.29473874492055,44649200,14.19,0.015972889432687393,0.004125258950728036,77.12035654526728,4.419178238294478,1.4886174298042523,2.9305608084902257,217.60010387117785,231.94608154296876,246.29205921475966,231.94608154296876,229.1574887084961,1.0121688924511647
2024-12-10,246.19703674316406,246.63424582967986,243.7824557106041,245.32261857013248,36914800,14.18,0.004125258950728036,-0.005179438715064517,78.10143063557268,4.7832270063903195,1.4821329583200749,3.3010940480702446,218.14072209852318,233.1156105041504,248.0904989097776,233.1156105041504,229.4561019897461,1.0159486214690767
2024-12-11,244.9251708984375,249.20780656351602,244.69662013013263,246.3858398593606,45205800,13.58,-0.005179438715064517,0.005946060010979472,73.82349181511903,4.912481307098176,1.2891098072223448,3.623371499875831,219.1885050890431,234.2215461730957,249.2545872571483,234.2215461730957,229.86406768798827,1.0189567622679598
2024-12-12,246.38584899902344,247.16089600762038,244.12030947937123,245.32263454558526,32777500,13.92,0.005946060010979472,0.0006852734126070457,75.484293906489,5.074287558615765,1.1607328469919471,3.913554711623818,220.24813643925143,235.3562973022461,250.46445816524079,235.3562973022461,230.2899319458008,1.0219999429138644
2024-12-13,246.55474853515625,247.70737273801882,244.67674782957272,246.24671899982582,33155300,13.81,0.0006852734126070457,0.011659545305847086,75.67646650262736,5.156705666720001,0.9945207640769453,4.162184902643055,221.02611950596477,236.34547729492186,251.66483508387896,236.34547729492186,230.74120880126952,1.0242881127422676
2024-12-16,249.4462890625,249.78414212694497,246.07781077104264,246.4156638354876,51694800,14.69,0.011659545305847086,0.009672594542154866,78.74785857279588,5.393176583607243,0.9847933447713499,4.408383238835893,222.48403299127722,237.63921279907225,252.7943926068673,237.63921279907225,231.22788452148438,1.027727314509908
2024-12-17,251.87078857421875,252.2185726786221,248.19428090188288,248.49237939681157,51356400,15.87,0.009672594542154866,-0.021654566599526137,80.92303899559647,5.71039248713339,1.0416073986379972,4.668785088495393,223.43506021046232,238.90413131713868,254.37320242381503,238.90413131713868,231.8644906616211,1.030361012311243
2024-12-18,246.4752655029297,252.6657103008961,246.1672359539693,250.55917390522964,56774100,27.62,-0.021654566599526137,0.006990182542238278,64.9830264571777,5.463435670965481,0.6357204659760702,4.827715204989411,225.13019922427748,239.88635711669923,254.64251500912098,239.88635711669923,232.31219268798827,1.0326033874549305
2024-12-19,248.20420837402344,250.4001849209636,245.52135228225407,245.92875304737495,60882300,24.09,0.006990182542238278,0.018641053632708144,67.21179941958908,5.34561097940022,0.4143166195286474,4.931294359871573,226.88864381329265,240.91925735473632,254.94987089618,240.91925735473632,232.71963470458985,1.0352339099386905
2024-12-20,252.8743896484375,253.3811464831127,244.13025293349912,246.4653249902114,147495300,18.36,0.018641053632708144,0.0030602323076659747,72.33414721289833,5.5649296163960855,0.5069082052196094,5.058021411176476,228.77748100767093,242.20951461791992,255.64154822816892,242.20951461791992,233.23040618896485,1.038498875749846
2024-12-23,253.64942932128906,254.02700659111463,251.84097626600598,253.15260355822258,40858800,16.78,0.0030602323076659747,0.011412762294554157,73.0856157580206,5.735168982630057,0.5417180571628641,5.193450925467193,230.73794521942187,243.47145309448243,256.204960969543,243.47145309448243,233.7862564086914,1.0414275707844003
2024-12-24,256.56085205078125,256.5707679464462,253.6693071300515,253.86804957710976,23234700,14.27,0.011412762294554157,0.0031705417835750154,75.75026339960222,6.035439598611816,0.673590938515698,5.361848660096118,232.04569616977471,244.72991409301758,257.41413201626045,244.72991409301758,234.32589294433595,1.0443997930316353
2024-12-26,257.3755798339844,258.44874034869076,255.99442012888886,256.55086249805703,27237100,14.73,0.0031705417835750154,-0.01333059760546277,76.45282764560578,6.266906945991366,0.7240466287161968,5.542860317275169,233.18119467511426,245.92030639648436,258.6594181178545,245.92030639648436,234.83120361328125,1.0472215898593467
2024-12-27,253.96737670898438,257.05764856283577,251.45343969164696,256.19314630806485,42355300,15.95,-0.01333059760546277,-0.01335213781759899,67.62625708946307,6.10495881278743,0.4496787964098088,5.655280016377621,235.12038402299888,246.94674758911134,258.7731111552238,246.94674758911134,235.30944274902345,1.0494553244618408
2024-12-30,250.59890747070312,251.890657464443,249.15811581542044,250.6287158030117,35557500,17.4,-0.01335213781759899,-0.007082884556027109,60.225583352716235,5.6397943952543415,-0.01238849689862409,5.6521828921529655,236.933722397369,247.68552627563477,258.4373301539006,247.68552627563477,235.7129672241211,1.05079295887922
2024-12-31,248.83021545410156,251.6720594492945,247.84649497663966,250.83739579916153,39480700,17.35,-0.007082884556027109,-0.026586286008633653,56.71592197148621,5.069985936942487,-0.4657575641683831,5.53574350111087,238.41493950693638,248.22358932495118,258.032239142966,248.22358932495118,236.02454193115236,1.0516855039479633
2025-01-02,242.30191040039062,247.51858047528103,240.28479918438643,247.34964638751123,55740700,17.93,-0.026586286008633653,-0.002011468040457724,46.049036003828064,4.045000719599386,-1.192594225209187,5.237594944808573,238.63506183689,248.28320770263673,257.93135356838343,248.28320770263673,236.17617065429687,1.0512627375352848
2025-01-03,241.8150177001953,242.6298040057451,240.3543488544026,241.8150177001953,40244100,16.13,-0.002011468040457724,0.006716400567433074,45.36376981995973,3.1570123057725255,-1.6644661112288386,4.821478417001364,238.7005144809141,248.30059585571288,257.90067723051163,248.30059585571288,236.3303695678711,1.0506503938098573
2025-01-06,243.44461059570312,245.75982034447205,241.65603491404494,242.75898865424097,45045600,16.04,0.006716400567433074,-0.011453051473828165,48.145139832978565,2.5553135537746243,-1.8129318905813916,4.368245444356016,239.03944181649365,248.3979736328125,257.75650544913134,248.3979736328125,236.6184017944336,1.0497829913018033
2025-01-07,240.67233276367188,243.99112508347835,239.81779188041267,241.43743349025635,40856000,17.82,-0.011453051473828165,0.002021008618495214,44.037926879383804,1.8336264018903137,-2.027695233972562,3.8613216358628755,238.90970300728335,248.36667404174804,257.82364507621276,248.36667404174804,236.85475952148437,1.048603264479553
2025-01-08,241.1592254638672,242.1628232218062,238.52605495049286,240.38417847646193,37628900,17.7,0.002021008618495214,-0.024399103678973594,44.92655128374256,1.2861464110918064,-2.0601401798168553,3.3462865909086617,238.28440259383564,248.16546020507812,258.0465178163206,248.16546020507812,237.0841796875,1.0467398564180213
2025-01-10,235.3463592529297,238.63534322792128,231.52079498772144,238.48628640867517,61710900,19.54,-0.024399103678973594,-0.01039804598980548,37.309518378691095,0.37884773012257256,-2.3739510886288717,2.7527988187514443,236.28498740164665,247.6229263305664,258.9608652594861,247.6229263305664,237.15783966064453,1.044127095629209
2025-01-13,232.91189575195312,233.180185891021,228.26161420500546,232.04742383507855,49630700,19.19,-0.01039804598980548,-0.004789521127315873,34.65919512754958,-0.5305183844483281,-2.626653762559818,2.09613537811149,234.02484057420233,247.0222625732422,260.019684572282,247.0222625732422,237.17745056152344,1.0415082124730277
2025-01-14,231.7990264892578,234.62099318079112,230.99417118008773,233.25969544364762,39435300,18.71,-0.004789521127315873,0.01948475693359331,33.48809192142989,-1.3257148155726952,-2.737480154947348,1.411765339374653,231.6958805271404,246.2929214477539,260.88996236836743,246.2929214477539,237.2456719970703,1.0381345184277813
2025-01-15,236.35986328125,237.44295487436693,232.9416999002932,233.15037337402552,39832000,16.12,0.01948475693359331,-0.041238799684083595,42.11971426659779,-1.5697966649206876,-2.3852496034362725,0.8154529385155849,230.55971946324806,245.7831771850586,261.0066349068692,245.7831771850586,237.48828735351563,1.034927574424736
2025-01-16,226.8109130859375,236.4990163708154,226.58237745891398,235.84321782536014,71759100,16.6,-0.041238799684083595,0.007506863876947657,32.58501959416289,-2.5048790791080364,-2.656265614098897,0.15138653499086063,227.44862530221235,244.65140838623046,261.85419147024857,244.65140838623046,237.59947692871094,1.0296799115413682
2025-01-17,228.51995849609375,230.81529094249188,227.0294813062853,230.64637201374376,68488300,15.97,0.007506863876947657,-0.032436206162353855,35.40348755654681,-3.0726137688536426,-2.5792002430756025,-0.49341352577804,225.26014667391837,243.4838668823242,261.70758709073004,243.4838668823242,237.76271362304686,1.0240624493727295
2025-01-21,221.2265625,222.99526090225285,217.98726416864307,222.57792910461188,98070400,15.06,-0.032436206162353855,0.005330804955920748,29.697426863595638,-4.064213975392846,-2.856640359691845,-1.2075736157010013,221.65405866868292,242.22143173217773,262.78880479567255,242.22143173217773,237.75149658203125,1.0188008707175655
2025-01-22,222.40902709960938,222.6971793763667,218.39466636780546,218.39466636780546,64126500,15.1,0.005330804955920748,-0.0007598353518101169,31.621635185597498,-4.700465234958784,-2.7943132954062264,-1.906151939552558,218.84750473849297,240.93167266845703,263.0158405984211,240.93167266845703,237.77842041015626,1.013261305432434
2025-01-23,222.24009704589844,225.58869773276695,220.88873040600683,223.3132424800993,60234800,15.02,-0.0007598353518101169,-0.003942335063843827,31.48903513890389,-5.158862035371044,-2.6021680766547886,-2.5566939587162554,216.6035728774267,239.39995803833008,262.19634319923347,239.39995803833008,237.7074737548828,1.0071200297437535
2025-01-24,221.3656768798828,224.19758968028435,220.00437919561992,223.35297985225768,54697900,14.85,-0.003942335063843827,0.031285743998031273,30.7697821059276,-5.528968692409023,-2.3778197869542144,-3.151148905454809,214.68403146225705,237.78577041625977,260.8875093702625,237.78577041625977,237.624404296875,1.0006790805845984
2025-01-27,228.40074157714844,230.67619691244207,222.55806572164707,222.59782027357136,94863400,17.9,0.031285743998031273,0.0358920507137915,42.20721559436152,-5.194728363042572,-1.6348635660702096,-3.559864796972362,214.63206555533867,236.3777648925781,258.12346422981756,236.3777648925781,237.73628997802734,0.994285579683376
2025-01-28,236.74740600585938,238.66516132615985,229.3447052045828,229.3844597561093,75707600,16.41,0.0358920507137915,0.004606184324655427,52.28025510359772,-4.207829194860636,-0.518371518310619,-3.6894576765500173,215.84082097245798,235.3463562011719,254.8518914298858,235.3463562011719,238.0151089477539,0.9887874649706888
2025-01-29,237.84042358398438,238.33724933385383,232.52438199561368,232.6336842670617,45486100,16.56,0.004606184324655427,-0.0074222408144265315,53.4250770337369,-3.299472840966132,0.31198786846710824,-3.6114607094332403,216.9399883216617,234.54000854492188,252.14002876818205,234.54000854492188,238.29810089111328,0.9842294490298578
2025-01-30,236.08164978027344,239.26133146080375,235.7040725307193,237.1547951903121,55658300,15.84,-0.0074222408144265315,-0.006714713058157286,51.29270510886532,-2.690497848997609,0.7367702883485054,-3.4272681373461142,217.79693963847888,233.81414566040038,249.8313516823219,233.81414566040038,238.48431091308595,0.9804173061330329
2025-01-31,234.50173950195312,245.62070152543137,231.9579942451269,245.62070152543137,100959800,16.43,-0.006714713058157286,-0.03444229542688905,49.385808753763044,-2.308752474654682,0.8948125301531462,-3.203565004807828,218.62374786924534,233.09772186279298,247.57169585634063,233.09772186279298,238.70291412353515,0.976518123872416
2025-02-03,226.56246948242188,230.35822543026035,224.2671369795404,228.52991033796462,73063300,18.62,-0.03444229542688905,0.020790325663487513,41.11410206299471,-2.6166857302214908,0.46950341966907017,-3.086189149890561,218.21759152750846,232.31074981689454,246.40390810628062,232.31074981689454,238.7027151489258,0.9732220669210095
2025-02-04,231.32208251953125,231.64998934854387,225.21111642561868,225.80731341689966,45067300,17.21,0.020790325663487513,-0.0014185589597766808,46.860386306782075,-2.448439967603065,0.5101993458299972,-2.958639313433062,218.38291818679053,231.78610305786134,245.18928792893215,231.78610305786134,238.79254180908202,0.9706588878440666
2025-02-05,230.99417114257812,231.19289841511937,226.82083777153602,227.0791817096477,39620300,15.77,-0.0014185589597766808,0.0032210981269412023,46.523550558109214,-2.3148792096663158,0.515008083013397,-2.8298872926797127,218.87389020658455,231.16358108520507,243.45327196382559,231.16358108520507,238.86150115966797,0.9677724537562996
2025-02-06,231.7394256591797,232.31574540236795,228.96712922491054,229.8216702010973,29925300,15.5,0.0032210981269412023,-0.024260742258682685,47.44810713339505,-2.1244066975976352,0.5643844760656624,-2.6887911736632977,219.21817139215705,230.71693572998046,242.21570006780388,230.71693572998046,238.95490478515626,0.9655250053871774
2025-02-07,226.18490600585938,232.5144614947352,225.81724462416,231.12335539671392,39707200,16.54,-0.024260742258682685,0.0011866867173064527,41.66607977415067,-2.3940619189186805,0.2357834037956943,-2.6298453227143748,219.37204806296,229.96821975708008,240.56439145120015,229.96821975708008,238.91038970947267,0.9625710294003257
2025-02-10,226.45347595214844,229.3780258753388,226.00584416726187,228.36339787721977,33115600,15.81,0.0011866867173064527,0.021596728969723786,42.03389605598051,-2.5566231146210043,0.05857776647469626,-2.6152008810957006,219.122910769408,229.52357559204103,239.92424041467405,229.52357559204103,238.81162658691406,0.9611072076865876
2025-02-11,231.39732360839844,233.99360582200345,226.93093316445223,227.00055734532324,53718400,16.02,0.021596728969723786,0.018105439110131225,48.47447044992426,-2.260469559021743,0.28378505765916584,-2.544254616680909,219.12520521593984,229.44784698486328,239.7704887537867,229.44784698486328,238.76821838378908,0.9609647738630587
2025-02-12,235.62503051757812,235.71456902246177,229.46756209934875,229.98483328224916,45243300,15.89,0.018105439110131225,0.019482182539558152,53.2573385280172,-1.665427110352482,0.7030620050627419,-2.368489115415224,219.01199045043188,229.6391471862793,240.26630392212672,229.6391471862793,238.81194793701172,0.9615898583384455
2025-02-13,240.26052856445312,241.06626881430705,234.33186254170715,235.66481592241834,53614100,15.1,0.019482182539558152,0.012630468746277242,57.87461649120609,-0.8104632153725504,1.246420720034139,-2.0568839354066895,218.59525470542115,229.83418045043945,241.07310619545774,229.83418045043945,238.9006918334961,0.9620490367211844
2025-02-14,243.3143768310547,244.25938055012708,239.7233505557091,239.9819785190441,40896200,14.77,0.012630468746277242,-0.0005316275043053986,60.63351044863378,0.11222816766400001,1.7352896824565516,-1.6230615147925516,218.08537580541372,230.65935363769532,243.23333146997692,230.65935363769532,239.0056002807617,0.9650792841955921
2025-02-18,243.18505859375,243.89131830963376,240.56887710589865,242.86673323889264,48822500,15.35,-0.0005316275043053986,0.0016348795078827002,60.4529570390488,0.8235395836750001,1.9572808787740414,-1.1337412950990413,217.73912844400564,231.39260864257812,245.0460888411506,231.39260864257812,239.04711059570312,0.9679791069883671
2025-02-19,243.5829620361328,244.716969605811,241.88195827091008,243.37407429304395,32204200,15.27,0.0016348795078827002,0.003912790097394392,60.83936433450751,1.4031913712962023,2.029546133116195,-0.6263547618199926,218.70931707473142,232.51042861938475,246.3115401640381,232.51042861938475,239.08942474365233,0.9724831153392859
2025-02-20,244.5379180908203,245.4829218502696,243.00600383864503,243.65259654249155,32316900,15.66,0.003912790097394392,-0.001139670634083971,61.80394853736969,1.9175225554611188,2.035101853824889,-0.11757929836377029,219.68495873598567,233.61687316894532,247.54878760190496,233.61687316894532,239.15024200439453,0.9768623740913984
2025-02-21,244.25938415527344,247.38287960480025,243.93111682470231,244.6572756706751,53197400,18.21,-0.001139670634083971,0.0062925273857716004,61.32944564523632,2.276417242720953,1.9151972328677787,0.3612200098531744,221.0790637251572,234.71783752441405,248.3566113236709,234.71783752441405,239.2094631958008,0.9812230435561398
2025-02-24,245.80123901367188,247.551982922016,243.1353173033831,243.64263125957103,51326400,18.98,0.0062925273857716004,-0.00024287766944909456,63.02190123311682,2.654657430928154,1.8347499368599836,0.8199074940681703,222.94125024470605,235.93961563110352,248.937981017501,235.93961563110352,239.2218179321289,0.9862796699339664
2025-02-25,245.74154663085938,248.68599549611233,243.62275227067275,246.69650753214344,48013300,19.43,-0.00024287766944909456,-0.02741243635010092,62.907113165684606,2.9159851668669603,1.6768621382390319,1.2391230286279284,223.62336671212546,236.80665588378906,249.98994505545267,236.80665588378906,239.2127081298828,0.9899417875208062
2025-02-26,239.09666442871094,243.6923767743236,237.87313357927937,243.04579925662603,44433600,19.1,-0.02741243635010092,-0.01281249910874131,51.632930385704896,2.557422446227463,1.0546395340796275,1.5027829121478353,223.70322439684088,236.92411880493165,250.14501321302242,236.92411880493165,239.09613800048828,0.9909157077411589
2025-02-27,236.0527801513672,241.18566339775504,235.8140361008641,238.15169082894494,41153600,21.13,-0.01281249910874131,0.018951082973457347,47.43877677697408,2.0045358430184024,0.40140234469645364,1.6031334983219487,223.61565892040116,236.8347366333008,250.05381434620043,236.8347366333008,238.88947662353516,0.9913987839930161
2025-02-28,240.5688934326172,240.8175794410065,228.9900734891547,235.70459571566596,56833400,19.63,0.018951082973457347,-0.015879648331593207,53.476968983033316,1.9087786140167964,0.24451609255587803,1.6642625214609184,223.74677296870175,237.05909881591796,250.37142466313418,237.05909881591796,238.7697595214844,0.992835521931275
2025-03-03,236.77891540527344,242.74737946323825,234.8690087281554,240.51914741730602,47184000,22.78,-0.015879648331593207,-0.00886161467129036,48.447004195775506,1.5096682516317514,-0.12367541586333375,1.6333436674950852,223.91121385778783,237.17295761108397,250.43470136438012,237.17295761108397,238.51641204833984,0.9943674549448464
2025-03-04,234.68994140625,238.80819608105105,233.44651142335266,236.46059966619734,53798100,23.51,-0.00886161467129036,-0.0008055574465191736,45.88516713292686,1.013128950677185,-0.49617177345432006,1.509300724131505,225.17248343645298,237.5793312072754,249.98617897809783,237.5793312072754,238.17279510498048,0.9975082632865626
2025-03-05,234.50096130371094,235.30670153327668,228.0251680036218,234.18263593082168,47227600,21.93,-0.0008055574465191736,-0.0017408139524470619,45.649991130280966,0.5974814679526617,-0.7294554049430748,1.3269368728957365,225.5771296852338,237.73827514648437,249.89942060773492,237.73827514648437,237.9333090209961,0.999180300247518
2025-03-06,234.0930938720703,236.60979483297604,231.9345013377031,233.20777237015392,45170400,24.87,-0.0017408139524470619,0.015767652859122364,45.112580824288855,0.2324863918643416,-0.8755603848251159,1.1080467766894575,226.00380131180697,237.893221282959,249.782641254111,237.893221282959,237.65108673095702,1.0010188657469767
2025-03-07,237.81344604492188,240.10134501237943,233.5260868229449,233.8742532807345,46273600,23.37,0.015767652859122364,-0.04969407536537053,50.801935617449494,0.24065240140305377,-0.693915500229123,0.9345679016321767,226.6463031536534,238.1969223022461,249.74754145083878,238.1969223022461,237.3498678588867,1.003568800989866
2025-03-10,226.28436279296875,234.91874867921032,223.04150278970278,234.3019970725287,72071200,27.86,-0.04969407536537053,-0.02962387616166318,37.74491556296879,-0.6753911542583069,-1.2879672447123869,0.61257609045408,226.67189897894852,238.20189514160157,249.73189130425462,238.20189514160157,236.8025665283203,1.0059092628673596
2025-03-11,219.67926025390625,224.65298022983382,216.30707871737093,222.63365113389432,76137400,26.92,-0.02962387616166318,-0.017633178600504017,32.57875636071823,-1.9122950980862186,-2.019896950832239,0.1076018527460203,224.69145548482598,237.86318435668946,251.03491322855294,237.86318435668946,236.06493469238282,1.007617606005949
2025-03-12,215.83956909179688,220.58450266635003,213.78045671174684,218.98296406915986,62547500,24.23,-0.017633178600504017,-0.03422274892490426,30.007526304150286,-3.16588699751469,-2.618791080208568,-0.5470959173061218,220.9694516625731,237.08529663085938,253.20114159914564,237.08529663085938,235.23421447753907,1.0078691025343893
2025-03-13,208.57791137695312,215.70028194858565,207.3245394208188,214.81496040955514,61368300,24.66,-0.03422274892490426,0.01800745100151966,25.852010640003808,-4.6912449472822,-3.315319223980863,-1.3759257233013376,215.37335521924746,235.73294067382812,256.0925261284088,235.73294067382812,234.32642517089843,1.0060023768207274
2025-03-14,212.36788940429688,212.82546311709572,208.47843695256688,210.13965751241793,60107600,21.77,0.01800745100151966,0.002386044386517449,31.206610674379416,-5.530530051644945,-3.323683462674886,-2.206846588970059,211.7149128515102,234.33830871582032,256.96170458013046,234.33830871582032,233.5618048095703,1.003324618538905
2025-03-17,212.87521362304688,214.0888025037831,208.8663965620962,212.18883784213668,48073400,20.51,0.002386044386517449,-0.006140314258336676,31.915388638329933,-6.084593314802106,-3.102197380665637,-2.982395934136469,208.76283637774375,232.81635055541992,256.86986473309605,232.81635055541992,232.84270477294922,0.9998868153608034
2025-03-18,211.5720977783203,214.01915944879542,210.37840804794794,213.03437263106773,42432400,21.7,-0.006140314258336676,0.011918089891674807,31.031003504122985,-6.553300630361548,-2.856723756980063,-3.6965768733814848,205.99012101381697,231.23570251464844,256.4812840154799,231.23570251464844,232.22810852050782,0.9957265896355878
2025-03-19,214.1087188720703,217.6102070663037,212.6265447449941,213.09407567170305,54385400,19.9,0.011918089891674807,-0.005310534461751262,34.81743414712292,-6.643488432733051,-2.357529247481253,-4.285959185251798,204.1333379257257,229.76199035644532,255.39064278716495,229.76199035644532,231.6739825439453,0.9917470569353324
2025-03-20,212.97470092773438,216.3468825511506,211.10457731145533,212.86527847830126,48862900,19.8,-0.005310534461751262,0.01928958046898615,33.92084843032852,-6.728902091885857,-1.9543543253072464,-4.7745477665786105,202.50188121105708,228.183829498291,253.86577778552493,228.183829498291,231.06458435058593,0.9875326854593862
2025-03-21,217.12277221679688,217.68976839110027,210.16950634984832,210.4480334492585,94127800,19.28,0.01928958046898615,0.011207462561574549,40.00653991168843,-6.388238706717004,-1.290952752110715,-5.097285954606289,201.82733456593786,226.82699890136718,251.8266632367965,226.82699890136718,230.59359313964845,0.9836656596265438
2025-03-24,219.56985473632812,220.31591279023903,217.43116105321957,219.83843988574125,44299500,17.48,0.011207462561574549,0.013589021250281797,43.322744905778954,-5.853327891061184,-0.6048335491639154,-5.248494341897269,201.9223961311378,225.5154296875,249.1084632438622,225.5154296875,230.16180572509765,0.9798125669766979
2025-03-25,222.57395935058594,222.9221258053629,218.9232508666907,219.60962662242414,34493600,17.15,0.013589021250281797,-0.009971321561526665,47.18255525574134,-5.127889956392238,0.09648350840402475,-5.224373464796263,202.65048105022157,224.35705032348633,246.0636195967511,224.35705032348633,229.9063577270508,0.975862749258319
2025-03-26,220.36563110351562,223.83729303324841,219.31120492080973,222.3352199198642,34466100,18.33,-0.009971321561526665,0.010418207068331341,44.7689442956612,-4.677252346872109,0.43769689433932335,-5.114949241211432,202.74680343347742,223.42049865722657,244.09419388097572,223.42049865722657,229.65543243408203,0.9728509196983831
2025-03-27,222.67344665527344,223.80745418869535,219.40073045135125,220.22636977863218,37094800,18.69,0.010418207068331341,-0.02693989462080896,47.77558509576699,-4.086787425348604,0.8225294526902633,-4.909316878038867,202.90692770957847,222.75153198242188,242.5961362552653,222.75153198242188,229.47292083740234,0.9707094465418731
2025-03-28,216.75473022460938,222.63367141455515,216.53588531144595,220.50491967808455,39818600,21.65,-0.02693989462080896,0.019226537404803058,41.53127344108079,-4.0497477015259165,0.6876553412103608,-4.737403042736277,203.34440739320934,221.5608238220215,239.77724025083364,221.5608238220215,229.08081817626953,0.9671731818747842
2025-03-31,220.96249389648438,224.43414081005062,215.09349507460487,215.86939419548492,65299300,22.28,0.019226537404803058,0.004760559211670022,46.84980686820411,-3.638914944631807,0.8787904784835758,-4.517705423115383,203.9447308894271,220.77000274658204,237.59527460373698,220.77000274658204,228.96384979248046,0.9642133592122737
2025-04-01,222.01690673828125,222.5043215641154,217.74944665223015,218.65466729819107,36412700,21.77,0.004760559211670022,0.003131427791015978,48.12326572143246,-3.1914556070400124,1.0609998528602969,-4.252455459900309,204.546555297866,220.1363510131836,235.7261467285012,220.1363510131836,228.8337887573242,0.9619923360471728
2025-04-02,222.71322631835938,224.0063965120705,219.85831598824518,220.15674221426906,35905900,21.51,0.003131427791015978,-0.09701329087008287,48.99242102572456,-2.7489653263901914,1.2027921068080945,-3.951757433198286,205.34443367981143,219.546964263916,233.7494948480206,219.546964263916,228.8635220336914,0.9592920807694121
2025-04-03,202.12203979492188,206.39944211542388,200.19223396809613,204.4596791341039,103419000,30.02,-0.09701329087008287,-0.0756802390377645,31.946883457892596,-4.013559440840282,-0.049441606113596936,-3.9641178347266854,203.46055411877444,217.9484115600586,232.43626900134274,217.9484115600586,228.45778228759767,0.9539986310717611
2025-04-04,187.389892578125,198.82944937179326,186.35535024633944,192.87092693410324,125910900,45.31,-0.0756802390377645,-0.03742608084216728,25.19327609941881,-6.133813759303905,-1.7357567396617757,-4.398057019642129,198.33005975607188,215.42723388671874,232.5244080173656,215.42723388671874,227.76077819824218,0.9458486908541015
2025-04-07,180.50624084472656,193.12952861035487,173.70218080411468,176.26862197387908,160466300,46.98,-0.03742608084216728,-0.051101835883449784,22.77098339938006,-8.274203876327903,-3.100917485348618,-5.1732863909792846,190.9645437154737,213.13832778930663,235.31211186313956,213.13832778930663,226.94358947753906,0.9391687523758023
2025-04-08,171.51376342773438,189.33957458197378,168.32064359895526,185.71870692843436,120859500,52.33,-0.051101835883449784,0.14261737188552712,20.057848046449585,-10.574203404396485,-4.32073361073376,-6.253469793662725,182.33213644934114,210.73005294799805,239.12796944665496,210.73005294799805,225.80584991455078,0.9332355783862212
2025-04-09,197.80484008789062,199.55558397169528,170.9865365771085,171.04621878540135,184395900,33.62,0.14261737188552712,-0.04331863747127014,41.866537325012594,-10.158399729515878,-3.1239439486825225,-7.034455780833356,180.99465662928594,209.82831649780275,238.66197636631955,209.82831649780275,225.02699859619142,0.9324584063547746
2025-04-10,189.4191436767578,193.7562279640405,182.03814529024513,188.07624843340898,121880000,40.72,-0.04331863747127014,0.03979219156609035,38.27950348769979,-10.385806823537223,-2.681080834163094,-7.704725989374129,178.69251334289874,208.87037811279296,239.0482428826872,208.87037811279296,224.05857299804688,0.9322132838657938
2025-04-11,197.1085205078125,198.49121408156802,185.0820690088969,185.12186726950821,87435900,37.56,0.03979219156609035,0.021814248882440535,43.09412578412549,-9.832220419811222,-1.7019955443496748,-8.130224875461547,177.5525936728435,208.10740966796874,238.66222566309398,208.10740966796874,223.27911041259765,0.9320505141900954
2025-04-14,201.45553588867188,211.82076535143517,200.10268359760292,210.3286495235762,101352900,30.89,0.021814248882440535,-0.0018780609671492793,45.674151559543525,-8.939680324745837,-0.647564359427431,-8.292115965318406,176.9325733416515,207.53642578125,238.14027822084847,207.53642578125,222.61818634033204,0.9322527920696222
2025-04-15,201.07754516601562,202.44033954558066,198.74984792281177,200.7990180691496,51343900,30.12,-0.0018780609671492793,-0.03971147016854836,45.4810560684416,-8.168673181704236,0.09875422689133728,-8.267427408595573,176.34281284539134,207.01169815063477,237.6805834558782,207.01169815063477,222.1084878540039,0.9320296587976749
2025-04-16,193.24893188476562,199.64512887500646,191.35890907242805,197.31743142832593,59732400,32.64,-0.03971147016854836,0.013853171446309107,41.5619588642429,-8.096022226751984,0.13712414547487128,-8.233146372226855,174.919740619246,205.96870880126954,237.0176769832931,205.96870880126954,221.34702484130858,0.930523954179803
2025-04-17,195.94467163085938,197.78495412822454,193.39812938355274,196.16351652823,52164700,29.65,0.013853171446309107,-0.019583284818775817,43.37149958677739,-7.731794835271899,0.40108122956396564,-8.132876064835864,173.94963307577274,205.1172073364258,236.28478159707885,205.1172073364258,220.6460348510742,0.9296210896102001
2025-04-21,192.14476013183594,192.78139570274652,188.8123615658979,192.25418258208256,46742500,33.82,-0.019583284818775817,0.03349770805221996,41.42431017388193,-7.661446715541274,0.37714347943567184,-8.038590194976946,172.72334190490633,203.86830673217773,235.01327155944912,203.86830673217773,219.85414154052734,0.9272889075623676
2025-04-22,198.690185546875,200.53045296496776,194.93999616163734,195.0892017003565,52976400,30.57,0.03349770805221996,0.024040263112388,45.92758649211745,-6.99687853488831,0.8333693280709094,-7.83024786295922,172.46474333335198,202.82432327270507,233.18390321205817,202.82432327270507,219.30424713134767,0.9248536037299255
2025-04-23,203.52462768554688,206.9067512010516,201.7340854567431,204.9172632087338,52929200,28.45,0.024040263112388,0.018258409417234913,49.04362543693315,-6.010815447418452,1.4555459324326145,-7.466361379851066,172.8862777934313,201.87185668945312,230.85743558547495,201.87185668945312,218.84567016601562,0.9224393452075784
2025-04-24,207.27479553222656,207.73238443559362,201.87334307751462,203.81309077731203,47311000,26.47,0.018258409417234913,0.004357773952154758,51.3840514093916,-4.870600887444311,2.0766083939254045,-6.947209281369716,173.36261162059915,201.21731491088866,229.07201820117817,201.21731491088866,218.3632196044922,0.9214798869303226
2025-04-25,208.18002319335938,208.6475540878433,205.1162098506388,205.28531450927932,38222300,24.84,0.004357773952154758,0.004100999953070603,51.957655675798904,-3.84955307532357,2.4781249648369172,-6.327678040160487,174.19803125552812,200.49264373779297,226.78725622005783,200.49264373779297,217.81431945800782,0.9204750368877641
2025-04-28,209.0355224609375,210.38837503045187,206.36961558551846,208.89625889548412,38743100,25.15,0.004100999953070603,0.005078781813929427,52.527715260224575,-2.9374723342218942,2.712164564750874,-5.649636898972768,174.56229359564924,200.10668334960937,225.6510731035695,200.10668334960937,217.1898193359375,0.9213446742643823
2025-04-29,210.09986877441406,211.1244537916441,207.27478452266,207.59310986089218,36827600,24.17,0.005078781813929427,0.006089227360143313,53.2706216023596,-2.104498573774066,2.836110660158962,-4.940609233933028,175.39092985407402,199.56355209350585,223.73617433293768,199.56355209350585,216.5255291748047,0.9216629228620651
2025-04-30,211.38311767578125,212.45744310704663,205.58375784941018,208.19993964532281,52286500,24.7,0.006089227360143313,0.003851392366518024,54.20121614663433,-1.3255334807355155,2.8920606025580105,-4.217594083293526,176.4421594466258,199.03186264038087,221.62156583413594,199.03186264038087,215.88949035644532,0.9219154777370978
2025-05-01,212.1988067626953,213.43227966302132,207.80202473083082,207.98108655162656,57365700,24.6,0.003851392366518024,-0.03807757245772203,54.81716186365655,-0.6350581846040768,2.866028718951559,-3.501086903555636,177.72871529236795,198.50614166259766,219.28356803282736,198.50614166259766,215.26180725097657,0.9221614563105323
2025-05-02,204.27069091796875,205.9020705063368,201.09745506032002,205.0067917796952,101010600,22.68,-0.03807757245772203,-0.03196390239753881,48.052658288316714,-0.719292670295772,2.2254353866078915,-2.9447280569036636,177.74047331551375,198.61357421875,219.48667512198622,198.61357421875,214.45646270751953,0.9261253855969058
2025-05-05,197.8446502685547,203.0272736250085,197.1682315771274,202.03252954096354,69018500,23.64,-0.03196390239753881,-0.0019125250163992628,43.379970140302284,-1.2897099098046567,1.3240145176792057,-2.6137244274838625,178.89977671236917,199.13631210327148,219.37284749417378,199.13631210327148,213.52816802978515,0.9325997311768902
2025-05-06,197.4666290283203,199.59538061408486,195.98447015970467,197.1682179665783,51216500,24.76,-0.0019125250163992628,-0.011449972701447928,43.11436967093509,-1.7520759951388243,0.6893187458760308,-2.441394741014855,181.60547207427268,199.98433151245118,218.36319095062967,199.98433151245118,212.56147583007814,0.9408305561084778
2025-05-07,195.21853637695312,198.39177259427916,192.23430397373855,198.1231874279844,68536700,23.55,-0.011449972701447928,0.006298475115470586,41.48754765748181,-2.2736969744112514,0.13415821328288313,-2.4078551876941345,187.95627296034866,201.1695701599121,214.38286735947554,201.1695701599121,211.551015625,0.950926988299171
2025-05-08,196.45199584960938,198.99853803284546,193.65675249053749,196.68078271707188,50478900,22.48,0.006298475115470586,0.0052522561730470926,42.76364938532119,-2.5580676757443257,-0.12016999044015275,-2.437897685304173,187.80682581255758,201.10192794799804,214.3970300834385,201.10192794799804,210.69812225341798,0.9544552452447673
2025-05-09,197.4865264892578,199.48595647897335,196.50172445806652,197.95405738682032,36453900,21.9,0.0052522561730470926,0.06123260765537327,43.86935667429872,-2.6691868046715115,-0.18503129549387065,-2.484155509177641,189.19978409593298,201.50529708862305,213.81081008131312,201.50529708862305,209.92679718017578,0.9598836346542041
2025-05-12,209.95704650878906,210.435160708662,205.93301745006437,210.13634313336473,63775800,18.39,0.06123260765537327,0.010101179253206504,55.12351373881315,-1.7310285502254033,0.6025015671617902,-2.3335301173871934,189.49091144406162,202.14772338867186,214.8045353332821,202.14772338867186,209.3145602416992,0.965760447602156
2025-05-13,212.08860778808594,212.55675181657614,208.1741443311085,209.5984864444124,51909300,18.22,0.010101179253206504,-0.0028218612211230515,56.72082611433475,-0.8062383793026697,1.2218333904676193,-2.028071769770289,189.31028283921682,202.67937698364258,216.04847112806834,202.67937698364258,208.82075408935546,0.9705901976434538
2025-05-14,211.490966796875,213.09460539099953,209.7478820292828,211.5905625216416,49325800,18.62,-0.0028218612211230515,-0.004153119684206215,56.11771376788694,-0.12017483865577105,1.5263175448916144,-1.6464923835473855,189.31970459988042,203.20004806518554,217.08039153049066,203.20004806518554,208.35677459716797,0.97525049741266
2025-05-15,210.61444091796875,212.11848379882832,208.71198473801002,210.11641669484823,45029500,17.83,-0.004153119684206215,-0.0008989154258587225,55.19081663106923,0.3487865528631744,1.596223149128448,-1.2474365962652736,190.62072048497222,204.0683235168457,217.5159265487192,204.0683235168457,207.8790441894531,0.9816685674716954
2025-05-16,210.42520141601562,211.73003772257164,208.94109887256835,211.52086084946143,54737900,17.24,-0.0008989154258587225,-0.011808459962148962,54.97967906623374,0.6971356423263444,1.5556577908732945,-0.8585221485469501,191.61568862294888,204.7923500061035,217.96901138925813,204.7923500061035,207.40568634033204,0.9873998809755856
2025-05-19,207.95501708984375,208.65224804197354,203.45287334417097,207.08845970637495,46140500,18.14,-0.011808459962148962,-0.009238910528517764,52.173895293760516,0.7650624112729361,1.298867647855909,-0.533805236582973,193.70292389597404,205.5828628540039,217.46280181203377,205.5828628540039,206.80851776123046,0.9940734795621831
2025-05-20,206.04258728027344,207.64622592622177,204.2198167548668,206.84938410987283,42496600,18.09,-0.009238910528517764,-0.023329135189360545,50.044533440150694,0.6570042265072686,0.9526475704721933,-0.29564334396492464,194.4991580936702,205.95048294067382,217.40180778767746,205.95048294067382,206.40368225097657,0.997804306079425
2025-05-21,201.2914276123047,206.22186440009241,199.91689108628387,204.3592586621154,59211800,20.87,-0.023329135189360545,-0.0036187742583048813,45.11796505730693,0.1858461398414306,0.3851915870450842,-0.1993454472036536,194.2523060534644,205.8388229370117,217.42533982055903,205.8388229370117,206.03592559814453,0.9990433578000506
2025-05-22,200.56431579589844,201.94882252859867,198.91087172706415,199.91689038506837,46742400,20.28,-0.0036187742583048813,-0.03071112516555643,44.39763103333951,-0.24341593779914206,-0.03525639247639073,-0.20815954532275133,193.7156465220271,205.5032989501953,217.2909513783635,205.5032989501953,205.73042053222656,0.9988960233423735
2025-05-23,194.49838256835938,196.91877297523902,192.6955373289648,192.9046989896,78432900,22.29,-0.03071112516555643,0.024983634850397583,38.828178031178005,-1.0608505189132984,-0.6821527788724376,-0.37869774004086076,192.17542226524915,204.8192169189453,217.46301157264145,204.8192169189453,205.44882995605468,0.9969354265135311
2025-05-27,199.4188690185547,199.94677348688452,196.64984031499387,197.51641281084125,56288500,18.96,0.024983634850397583,0.0010483354048508517,44.86959770642075,-1.296683815566496,-0.7343888604205081,-0.5622949551459878,191.64121731814126,204.33838424682617,217.03555117551107,204.33838424682617,205.18984954833985,0.9958503536925052
2025-05-28,199.62803649902344,201.9289060786693,199.11008702875665,199.79736291846774,45339700,19.31,0.0010483354048508517,-0.0023478901995321877,45.11773408049869,-1.4499907439546291,-0.710156631046913,-0.7398341129077162,191.24817058528382,203.81479263305664,216.38141468082947,203.81479263305664,204.92490600585938,0.9945828284397457
2025-05-29,199.15988159179688,203.0046291598645,197.72556941325453,202.77554227533128,51396800,19.18,-0.0023478901995321877,0.004491076894813233,44.63351658860705,-1.590924589348532,-0.6808723811526527,-0.9100522081958793,190.98464374899424,203.20363082885743,215.4226179087206,203.20363082885743,204.6766616821289,0.9928031323104187
2025-05-30,200.05633544921875,201.1619498266407,196.00241099917397,198.5821728136608,70819900,18.57,0.004491076894813233,0.004223123822604175,45.832342961396165,-1.6117006609101168,-0.56131876217139,-1.0503818987387268,191.03676224925368,202.59650726318358,214.15625227711348,202.59650726318358,204.3956140136719,0.9911979190005126
2025-06-02,200.90298461914062,201.3312933884623,199.3292261245183,199.4885975362889,35423300,18.36,0.004223123822604175,0.007753703735756887,46.999553253487825,-1.542072285633708,-0.39335230951598477,-1.1487199761177231,190.87271992420543,202.4281219482422,213.98352397227896,202.4281219482422,204.1541796875,0.9915453225503397
2025-06-03,202.46678161621094,202.96480586317466,200.16591202699755,200.55437033168948,46381600,17.69,0.007753703735756887,-0.0022162836174873693,49.17788183683385,-1.3451993276237317,-0.15718348120480696,-1.1880158464189248,191.29646778851958,202.659228515625,214.0219892427304,202.659228515625,203.86105987548828,0.9941046546084018
2025-06-04,202.0185546875,205.42503857555045,201.30139858491114,202.10819540070028,43604000,17.61,-0.0022162836174873693,-0.010856493087603674,48.56179652061145,-1.2113802200472605,-0.018691498902668524,-1.192688721144592,191.76951371302556,202.88682479858397,214.00413588414239,202.88682479858397,203.51003387451172,0.9969376985298325
2025-06-05,199.8372039794922,203.94091870107042,199.35908978394463,202.69585814733983,55126100,18.48,-0.010856493087603674,0.016265311589657865,45.56980445378989,-1.266742169792252,-0.059242758918128136,-1.207499410874124,192.46502177751165,203.11775817871094,213.77049457991023,203.11775817871094,203.05529876708985,1.0003075980385656
2025-06-06,203.11419677734375,204.8871617909174,201.2515910514923,202.19783403313102,46607700,16.77,0.016265311589657865,-0.01218652830788699,50.50352595024985,-1.0342685776579685,0.13858466657292423,-1.1728532442308928,193.24545453076252,203.45086822509765,213.6562819194328,203.45086822509765,202.7102700805664,1.0036534811198115
2025-06-09,200.65396118164062,205.18598475848052,199.22961916524454,203.58234611432158,72862600,17.16,-0.01218652830788699,0.006037754934779174,47.055052458381326,-1.0366027216241775,0.10900041808537231,-1.1456031397095499,193.68452305792107,203.6092399597168,213.53395686151254,203.6092399597168,202.26988037109376,1.0066216462192283
2025-06-10,201.86912536621094,203.54249456453348,199.77743286642308,199.80731310224203,54672600,16.95,0.006037754934779174,-0.01938022907679335,48.910628261085876,-0.9296821562003288,0.17273678680737703,-1.1024189430077058,193.69734522735678,203.2048439025879,212.71234257781902,203.2048439025879,201.97216827392577,1.006103195500631
2025-06-11,197.99452209472656,203.69192080198684,197.62598900862739,202.6958722895077,60989900,17.26,-0.01938022907679335,0.002110632335517544,43.65672259448541,-1.1444029752464928,-0.033587225791029685,-1.1108157494554631,193.6654728410775,202.50013961791993,211.33480639476235,202.50013961791993,201.51280883789062,1.0048995931609666
2025-06-12,198.41285705566406,198.890956077424,196.58013147350607,198.29333609984755,43904600,18.02,0.002110632335517544,-0.01390141153604722,44.351766145594326,-1.266218457954352,-0.12432216679911101,-1.141896291155241,193.87659495520103,201.8462341308594,209.81587330651774,201.8462341308594,201.0407278442383,1.0040066821049574
2025-06-13,195.67372131347656,199.57822954037988,194.92668495173118,198.94075911963023,51447300,20.82,-0.01390141153604722,0.00997806923497654,40.802558667547004,-1.565734653664009,-0.3390706900070144,-1.2266639636569947,193.78301127419178,201.09919815063478,208.41538502707778,201.09919815063478,200.49993774414062,1.0029888308856179
2025-06-16,197.6359405517578,197.90487790098294,195.78328974313985,196.52037110088898,43020700,19.11,0.00997806923497654,-0.014109748545778743,44.2446745124944,-1.6260249001985585,-0.319488749233251,-1.3065361509653075,194.3856177448289,200.45973510742186,206.53385247001484,200.45973510742186,200.41021575927735,1.0002470899397862
2025-06-17,194.86692810058594,197.6060614779548,194.43863454049264,196.4207613301707,38856200,21.6,-0.014109748545778743,0.004793205338059429,40.652390252836156,-1.8756205321900836,-0.4552675049798207,-1.420353027210263,194.30969887948393,199.805330657959,205.30096243643405,199.805330657959,200.55975646972655,0.9962383988440799
2025-06-18,195.80320739746094,196.7893008408277,194.2991796996429,195.16573699325735,45394700,20.14,0.004793205338059429,0.022235474358199368,42.35660545034792,-1.9751091257980704,-0.443804878870246,-1.5313042469278244,194.3359183989224,199.29336166381836,204.25080492871433,199.29336166381836,200.86569580078125,0.992172211732349
2025-06-20,200.20574951171875,200.90298042554332,196.08210930882012,197.45666110928434,96813500,20.62,0.022235474358199368,0.0024844339906089923,49.67458731203552,-1.6793477227775213,-0.11843478067975743,-1.5609129420977639,194.34699297156587,199.23907775878905,204.13116254601223,199.23907775878905,201.43953552246094,0.9890763361920751
2025-06-23,200.70376586914062,201.50060768152076,198.17380945321412,200.83325703321927,55814300,19.83,0.0024844339906089923,-0.005973181643514452,50.44104588287141,-1.3887601594453827,0.1377222261219051,-1.5264823855672878,194.34603901927306,199.24605026245118,204.1460615056293,199.24605026245118,201.49751403808594,0.988826344650539
2025-06-24,199.5084991455078,202.63609053842802,199.40888822531906,201.78944331230142,54064000,17.48,-0.005973181643514452,0.0062708567997190896,48.530650086889416,-1.2406144264186025,0.22869436731894832,-1.4693087937375509,195.10738718607783,199.4965560913086,203.88572499653938,199.4965560913086,201.69930114746094,0.9890790645102834
2025-06-25,200.76351928710938,202.8651820841085,199.82723133036671,200.65395335177794,39525700,16.76,0.0062708567997190896,-0.002782109146813589,50.64436571568742,-1.0102922091739401,0.3672132676508886,-1.3775054768248287,195.14037872921656,199.56378860473632,203.98719848025607,199.56378860473632,201.77240112304688,0.989053941440863
2025-06-26,200.20574951171875,201.8392684520338,198.67184150130464,200.63404307360597,50799100,16.59,-0.002782109146813589,0.0003979183634067224,49.66810804923741,-0.8628214830541765,0.4117471950165219,-1.2745686780706984,195.16042712705908,199.5926742553711,204.0249213836831,199.5926742553711,201.74740539550783,0.9893196587291293
2025-06-27,200.28543090820312,202.41697405518968,199.20969672208463,201.09222774816857,73188600,16.32,0.0003979183634067224,0.02013605979229072,49.816933484193186,-0.7310926661974406,0.4347808094986063,-1.165873475696047,195.21153507950976,199.6489517211914,204.08636836287303,199.6489517211914,201.73156311035157,0.9896763235407989
2025-06-30,204.35926818847656,206.570497066428,198.47261792694385,201.21175129212304,91912800,16.73,0.02013605979229072,0.01283340638163014,56.84306010817772,-0.2945763153483085,0.6970377282781908,-0.9916140436264993,194.9743398677674,199.8640983581543,204.7538568485412,199.8640983581543,201.95376983642578,0.9896527235913248
2025-07-01,206.99879455566406,209.35942450018746,205.3254252695324,205.85332972802502,78788900,16.83,0.01283340638163014,0.021987282881436514,60.68398067772451,0.2613411776036969,1.0023641769841571,-0.7410229993804601,194.38070518996196,200.16888885498048,205.957072519999,200.16888885498048,202.17485229492186,0.9900780763919382
2025-07-02,211.6005401611328,212.49697770796604,207.31752868499885,208.08449026524102,67941800,16.64,0.021987282881436514,0.005211437084864038,66.31295075016124,1.061001641434217,1.4416197126517416,-0.38061807121752467,193.02628189539095,200.62557678222657,208.2248716690622,200.62557678222657,202.5639678955078,0.9904307210536025
2025-07-03,212.70616149902344,213.80180573654258,210.97303162710094,211.31168447150716,34955800,16.38,0.005211437084864038,-0.01700163912053269,67.51630451028942,1.7636227766154207,1.7153926782663562,0.04823009834906439,191.91836303333233,201.15995712280272,210.40155121227312,201.15995712280272,202.8442874145508,0.9916964371379815
2025-07-07,209.12037658691406,215.37555986284275,207.97492690746134,211.83958469799765,50229000,17.79,-0.01700163912053269,0.00028576907769630084,60.027030589350844,2.0079656356732585,1.5677884298593552,0.44017720581390324,191.78191026805848,201.62411575317384,211.4663212382892,201.62411575317384,202.95620239257812,0.9934365807809725
2025-07-08,209.18014526367188,210.59453234535175,207.62631199643187,209.26980118177752,42848900,16.81,0.00028576907769630084,0.005366123271495903,60.10646481458872,2.181287420993584,1.3928881721437447,0.7883992488498395,191.5603644363184,201.92741317749022,212.29446191866205,201.92741317749022,202.99430938720704,0.9947442063132828
2025-07-09,210.30564880371094,210.4949004226829,206.4011410808137,208.7020103462271,48749400,15.94,0.005366123271495903,0.005997105801245563,61.65187337398083,2.382006624413009,1.2748859004505355,1.1071207239624734,191.4437411642338,202.40999755859374,213.37625395295368,202.40999755859374,203.03682189941406,0.996912755356608
2025-07-10,211.57066345214844,212.63642743345136,209.2000631819418,209.67816220166208,44443600,15.78,0.005997105801245563,-0.005902280522554529,63.36945559445209,2.6130327343815054,1.2047296083352255,1.40830312604628,191.23134297286222,202.89507446289062,214.55880595291902,202.89507446289062,203.08752471923827,0.9990523777538098
2025-07-11,210.32559204101562,211.29176024279,209.03072603053,209.73792710960444,39765800,16.4,-0.005902280522554529,-0.012101749648500403,60.49739595219075,2.664936010142412,1.0053063072769057,1.6596297028655065,191.64733215285023,203.5116279602051,215.37592376755995,203.5116279602051,203.09203918457033,1.0020660030659962
2025-07-14,207.79562377929688,210.07658325197187,206.71988962428105,209.10044482334126,38840100,17.2,-0.012101749648500403,0.0023461060134709884,55.03872017084681,2.4734104986482635,0.6510246366262056,1.8223858620220579,192.2184458204467,203.98076629638672,215.74308677232673,203.98076629638672,203.02028930664062,1.0047309408977119
2025-07-15,208.28370666503906,211.05272033528996,208.09445501444372,208.39327261019983,42296300,17.38,0.0023461060134709884,0.005008578469245606,55.866064818596435,2.3341032711419984,0.40937392729595246,1.924729343846046,193.35676754909682,204.61126556396485,215.86576357883288,204.61126556396485,202.9419873046875,1.0082253962398189
2025-07-16,209.32952880859375,211.5606674273932,207.81553103262843,209.4689749722687,47490500,17.16,0.005008578469245606,-0.0006662509862957758,57.66373206047538,2.281787371913339,0.2856464224538342,1.9961409494595046,194.24068617989073,205.19594497680663,216.15120377372253,205.19594497680663,203.0431640625,1.010602577655084
2025-07-17,209.1901092529297,210.9630743588066,208.7618004967043,209.7379389650813,48068100,16.52,-0.0006662509862957758,0.005507987356699294,57.32849061556982,2.203674068967132,0.1660264956061015,2.0376475733610304,195.92115253562974,205.91210403442383,215.90305553321792,205.91210403442383,203.2700732421875,1.0129976378229002
2025-07-18,210.3455047607422,210.95309492429405,208.87135730762196,210.0367321724359,48974600,16.41,0.005507987356699294,0.006137005974840423,59.433316262226064,2.2095293955559328,0.1375054577559216,2.072023937800011,197.62826013662414,206.63921890258788,215.65017766855163,206.63921890258788,203.52765075683592,1.0152881838619043
2025-07-21,211.64036560058594,214.92732845073886,210.7937335563828,211.2618775331451,51377400,16.65,0.006137005974840423,0.008995570441175984,61.71266296253424,2.2922308221807555,0.17616550750459536,2.11606531467616,198.45799241196633,207.21094970703126,215.9639070020962,207.21094970703126,203.85608734130858,1.0164570134229338
2025-07-22,213.5527801513672,214.1006098348481,211.39135685335447,212.29776458434165,46404100,16.5,0.008995570441175984,-0.0011667067342310043,64.85364066407575,2.483460384730563,0.2939160560435221,2.189544328687041,199.21984008337333,207.85340042114257,216.4869607589118,207.85340042114257,204.19810302734376,1.0179007411900851
2025-07-23,213.30377197265625,214.29982043425818,211.57065737650467,214.15041924441525,46989300,15.37,-0.0011667067342310043,-0.001822810721298693,64.11608812095412,2.58511867293106,0.31645947539521524,2.2686591975358446,200.50269746335047,208.5431640625,216.58363066164955,208.5431640625,204.5144479370117,1.019698931621345
2025-07-24,212.91531372070312,214.83769515517375,212.68622683006964,213.05475989741393,46022600,15.39,-0.001822810721298693,0.0005613455330807401,62.91404068651927,2.6043173154060355,0.2685264942961525,2.335790821109883,201.7419073143864,209.1507537841797,216.559600253973,209.1507537841797,204.57361328125,1.022374051225448
2025-07-25,213.0348663330078,214.38949295365802,212.55675209148805,213.85161823157193,40268800,14.93,0.0005613455330807401,0.0007943724626799701,63.143060606847285,2.5992171175813326,0.21074103717715964,2.388476080404173,203.44714938909587,209.79220962524414,216.1372698613924,209.79220962524414,204.59253845214843,1.025414764450522
2025-07-28,213.20416259765625,214.00100435562788,212.21806921233596,213.18423737412155,37858000,15.03,0.0007943724626799701,-0.013072613625822325,63.48692337845734,2.5791056433307347,0.15250365034124957,2.426601992989485,205.65867245019655,210.4381462097168,215.21761996923703,210.4381462097168,204.62680236816405,1.0283997197546828
2025-07-29,210.43516540527344,213.96117031669576,209.9869466315705,213.33365491441555,51411700,15.98,-0.013072613625822325,-0.010563550635202222,54.5264148565006,2.3130686080630767,-0.0908267079411269,2.4038953160042036,206.85817301290086,210.74194107055663,214.6257091282124,210.74194107055663,204.62321685791017,1.0299023947849246
2025-07-30,208.2239227294922,211.55072076453234,206.89917652304968,211.06265157316113,45512500,15.48,-0.010563550635202222,-0.007104825362494512,48.62438899271827,1.9018798500780747,-0.4016123727409031,2.303492222818978,207.12427113559272,210.80319747924804,214.48212382290336,210.80319747924804,204.5791912841797,1.0304234568335087
2025-07-31,206.74977111816406,209.0107900151974,206.34138763159262,207.6661338109758,80698400,16.72,-0.007104825362494512,-0.025321378928790737,45.118192244315125,1.4404534313789554,-0.6904310331520183,2.1308844645309737,206.5038004614809,210.5606590270996,214.61751759271831,210.5606590270996,204.5550863647461,1.0293591949683658
2025-08-01,201.58030700683594,212.7360475386617,200.7037794341265,210.03674932642843,104434500,20.38,-0.025321378928790737,0.004781459275903073,35.46151934083314,0.650142679285068,-1.1845934281967248,1.8347361074817927,204.4881208991579,210.00436630249024,215.52061170582257,210.00436630249024,204.46584075927734,1.027087779174486
2025-08-04,202.5464630126953,207.0585613783641,200.88304868853191,203.70186769022786,75109300,17.52,0.004781459275903073,-0.0021168857193060897,38.126928719243466,0.10061658418851493,-1.3872956186346224,1.4879122028231373,203.2753130802111,209.6756706237793,216.0760281673475,209.6756706237793,204.49094146728515,1.0253543219043941
2025-08-05,202.11814880371094,204.52858421879685,201.36115745633876,202.59624780213056,44155100,17.85,-0.0021168857193060897,0.049653393530185774,37.38970861111406,-0.36523794669432164,-1.4825201196139672,1.1172821729196456,202.12257240625607,209.32257080078125,216.52256919530643,209.32257080078125,204.5220181274414,1.0234720580077032
2025-08-06,212.40733337402344,214.52892145014,204.77759854868273,204.81744899810374,108483100,16.77,0.049653393530185774,0.031298764824856114,58.266165676908194,0.09472821787193197,-0.818043164038171,0.912771381910103,202.11289805072812,209.4276550292969,216.74241200786565,209.4276550292969,204.88019714355468,1.0221956926493774
2025-08-07,219.16055297851562,219.9773200540019,215.7241886502616,218.01510326859565,90224800,16.57,0.031298764824856114,0.04148532264004967,66.22606141348284,0.9927394181853515,0.06397442902019879,0.9287649891651527,201.38355354526703,209.80714950561523,218.23074546596342,209.80714950561523,205.2750308227539,1.0220782754955453
2025-08-08,228.4437255859375,230.08719950298993,218.38362983130105,219.95738825778145,113854000,15.15,0.04148532264004967,-0.008372376345528211,73.66248505636133,2.425534162975282,1.1974153390481033,1.2281188239271787,199.004728448351,210.71305618286132,222.42138391737166,210.71305618286132,205.8513446044922,1.0236175847561748
2025-08-11,226.53909301757812,228.91238364576833,224.12592192869855,227.27701087414155,61806100,16.25,-0.008372376345528211,0.010813672630568538,70.24507000904185,3.3685162320671793,1.7123179265120003,1.656198305555179,198.16089430307937,211.65022964477538,225.13956498647138,211.65022964477538,206.3989288330078,1.0254424809346576
2025-08-12,229.00210571289062,230.14887046423402,226.42939779448272,227.36673308681236,55626200,14.73,0.010813672630568538,0.015897475819875263,72.05083147494409,4.26541184329443,2.087370830191401,2.178041013103029,197.33621563666844,212.68614959716797,228.0360835576675,212.68614959716797,206.97784423828125,1.0275793062774152
2025-08-13,232.6717529296875,234.33703985510917,229.77992501054072,230.4181341091737,69878500,14.49,0.015897475819875263,-0.0023599515483424664,74.53086729123949,5.212234543535516,2.427354824345989,2.7848797191895267,196.3089350592162,213.85326080322267,231.39758654722914,213.85326080322267,207.6132196044922,1.0300560880016112
2025-08-14,232.12330627441406,234.4567012802976,230.19875827485632,233.39969406647393,51916300,14.83,-0.0023599515483424664,-0.00512524592862372,73.48141825993221,5.850897785827556,2.452814453310423,3.3980833325171327,195.89615227255538,214.9999206542969,234.1036890360384,214.9999206542969,208.20635009765624,1.032629026700935
2025-08-15,230.93666076660156,233.61907447658757,228.69300821277216,233.3398655982593,56038700,15.09,-0.00512524592862372,-0.0030271747343979783,71.14713329627061,6.18993689200488,2.2334828475901976,3.9564540444146825,195.85084547447835,216.02947845458985,236.20811143470135,216.02947845458985,208.7847122192383,1.0346996969191118
2025-08-18,230.23863220214844,232.46233685580373,229.46083388892833,231.04634466466607,37476200,14.99,-0.0030271747343979783,-0.0014302167695570704,69.74361627598762,6.32934203965749,1.8983103961942458,4.431031643463244,195.97736563237441,216.95939178466796,237.9414179369615,216.95939178466796,209.3927407836914,1.0361361667680404
2025-08-19,229.90957641601562,232.21305735738468,228.70299840660482,230.6275464777077,39402600,15.57,-0.0014302167695570704,-0.01993198153129969,69.05207511891223,6.340183878501136,1.5273217880303136,4.812862090470823,196.12566284530723,217.7772315979004,239.42880035049356,217.7772315979004,209.92864837646485,1.0373869087527334
2025-08-20,225.3723907470703,229.81981519856654,225.13307755654054,229.33119207499826,42263900,15.69,-0.01993198153129969,-0.004923405133202545,60.189925481082014,5.9144846518274505,0.8812980490853022,5.033186602742148,196.58917717757424,218.3806625366211,240.17214789566793,218.3806625366211,210.42301696777344,1.0378173722795085
2025-08-21,224.26551818847656,225.88095827873425,223.14868274098328,225.63166356522294,30621200,16.6,-0.004923405133202545,0.012636571965657789,58.22665586759236,5.4252605561488,0.3136591627253207,5.111601393423479,197.1643975956436,218.94817276000975,240.7319479243759,218.94817276000975,210.87094482421875,1.03830412929825
2025-08-22,227.11744689941406,228.44369658121065,224.77408575714253,225.53193619713707,42477800,14.22,0.012636571965657789,-0.0026377157023371018,61.69364658196501,5.207643278000717,0.07683350766178965,5.130809770338927,197.76843469243988,219.65230178833008,241.53616888422027,219.65230178833008,211.4534033203125,1.0387740198988322
2025-08-25,226.5191650390625,228.65312729963858,225.59178073979155,225.84107546750252,30983100,14.79,-0.0026377157023371018,0.009420124567184027,60.5581703870232,4.930072860073182,-0.1605895282125971,5.090662388285779,198.44922001322698,220.31805191040038,242.1868838075738,220.31805191040038,212.01552947998047,1.0391599730962344
2025-08-26,228.6630859375,228.84258604761433,224.05612439304167,226.22996704217394,54575100,14.62,0.009420124567184027,0.005132723136336729,63.17383295275187,4.8274450218563345,-0.21057389314355568,5.03801891499989,199.56572556236927,221.2294479370117,242.89317031165416,221.2294479370117,212.67531677246095,1.0402215513034958
2025-08-27,229.8397674560547,230.24859923631865,227.6160475796746,227.96506627689797,31259500,14.85,0.005132723136336729,0.008940725237363131,64.56288303451193,4.785891309384738,-0.2017020844921218,4.9875933938768595,201.19997719647307,222.31024017333985,243.42050315020663,222.31024017333985,213.31939331054687,1.042147348739663
2025-08-28,231.90391540527344,232.7515235304584,228.692998228932,230.16883391080088,38074700,14.43,0.008940725237363131,-0.0018075874774794432,66.92006245077089,4.863456284914378,-0.09930968716998567,4.962765972084363,203.33683336369623,223.5679473876953,243.7990614116944,223.5679473876953,214.06013305664064,1.0444165580731415
2025-08-29,231.485107421875,232.7216147258446,230.71727541448905,231.85405874294378,39418400,15.36,-0.0018075874774794432,-0.010479481927209851,65.9613625360808,4.83539337777998,-0.10189807544350771,4.937291453223487,207.28117339227967,225.06318740844728,242.84520142461488,225.06318740844728,214.7737710571289,1.0479081607622442
2025-09-02,229.07192993164062,230.19874691737337,226.3296880547272,228.60325464814514,44075600,17.17,-0.010479481927209851,0.037382388318206415,60.576330284544895,4.5657983843337036,-0.2971944551118266,4.86299283944553,211.86439805783095,226.38946075439452,240.9145234509581,226.38946075439452,215.35109466552734,1.0512575341491133
2025-09-03,237.79725646972656,238.17618932549604,233.69885053091846,236.5408165177042,66427800,16.35,0.037382388318206415,0.00547832232513567,70.08574833850581,4.998582789836121,0.10847196031247286,4.890110829523648,217.85567883944327,228.1734161376953,238.49115343594735,228.1734161376953,216.09296447753906,1.0559039563799029
2025-09-04,239.1035614013672,239.2232180033205,236.07214416452067,237.77731160532718,47549400,15.3,0.00547832232513567,-0.00037550386366705076,71.20558011433333,5.384901645789881,0.3958326530129863,4.989068992776895,220.93451428273852,229.5082275390625,238.08194079538646,229.5082275390625,216.88486572265626,1.0582030552216977
2025-09-05,239.0137939453125,240.63920029193574,237.81718240373485,239.32291694518142,54870400,15.18,-0.00037550386366705076,-0.0075800439522243105,71.00886115155687,5.619045776942556,0.5039814273325289,5.115064349610027,222.3631176557655,230.50088958740236,238.6386615190392,230.50088958740236,217.64987121582033,1.0590444565843047
2025-09-08,237.2089080810547,239.47249309970456,235.67324414176576,238.62490021245955,48999500,15.11,-0.0075800439522243105,-0.014950592233048619,67.00085786120671,5.594477824691808,0.3835307800654242,5.2109470446263835,222.35962859468887,230.93914871215821,239.51866882962756,230.93914871215821,218.38993438720703,1.0574624208765104
2025-09-09,233.68887329101562,238.1063683630383,232.70166073618753,236.33139119913957,66313900,15.04,-0.014950592233048619,-0.032791215790723915,59.89980382293283,5.2306741999373685,0.015781724248787654,5.214892475688581,222.88610439581407,231.29663772583007,239.70717105584606,231.29663772583007,219.0580032348633,1.0558693784761888
2025-09-10,226.15020751953125,231.7643298806428,225.31258085277642,231.53498298240493,83440800,15.35,-0.032791215790723915,0.014185214680128478,48.13389067504429,4.284658999912352,-0.744186780620983,5.028845780533335,222.49956934839773,231.1540428161621,239.80851628392648,231.1540428161621,219.49382202148436,1.0531232300175466
2025-09-11,229.3810577392578,229.7998710451417,226.010588238333,226.23995033725743,50208600,14.71,0.014185214680128478,0.017410513088878223,52.445131128666404,3.75238261856137,-1.0211705295775726,4.773553148138943,222.33158505659497,230.98950805664063,239.6474310566863,230.98950805664063,219.94146728515625,1.0502317316868697
2025-09-12,233.40966796875,233.84841389514688,228.3739115767776,228.5733443098202,55824200,14.76,0.017410513088878223,0.011173272269641253,57.22020785641468,3.613965385171099,-0.9276702103742753,4.541635595545374,222.34420970141335,231.05382614135743,239.76344258130152,231.05382614135743,220.3776498413086,1.048444914027065
2025-09-15,236.03224182128906,237.5180438551372,234.36695488957946,236.33139853346725,42699500,15.69,0.011173272269641253,0.006107203194049533,60.033644091474294,3.673542214652855,-0.6944747047140156,4.3680169193668705,222.33353148634293,231.3086051940918,240.28367890184066,231.3086051940918,220.8441714477539,1.0473837895640978
2025-09-16,237.4781494140625,240.53949594661788,235.65332541334,236.51088466190768,63421100,16.36,0.006107203194049533,0.0035210509004652986,61.535592277635175,3.7936985446999074,-0.45945469973357067,4.253153244433478,222.32116777359622,231.6705810546875,241.01999433577876,231.6705810546875,221.41132690429689,1.0463357240744287
2025-09-17,238.3157958984375,239.42266510979977,237.05934071942244,238.2958480596019,46508000,15.72,0.0035210509004652986,-0.00465544610939042,62.41676188601594,3.911425889847038,-0.2733818836691526,4.184807773516191,222.34838557321854,232.09089202880858,241.83339848439863,232.09089202880858,221.9940399169922,1.0454825368987013
2025-09-18,237.2089080810547,240.51953392817583,235.98236714862816,239.2930082114909,44249600,15.7,-0.00465544610939042,0.031530571933516646,60.44616965207569,3.870789016540357,-0.2512150055806668,4.122004022121024,223.21030709471887,232.6827178955078,242.15512869629674,232.6827178955078,222.53210510253905,1.0456141498697076
2025-09-19,244.80740356445312,245.60514967420656,239.53233423145286,240.54944568604057,163741300,15.45,0.031530571933516646,0.04219296246145317,67.93110724216233,4.400987242493784,0.22318657629820748,4.177800666195576,223.67294880151042,233.70981216430664,243.74667552710287,233.70981216430664,223.19683990478515,1.0471017970684813
2025-09-22,255.35755920410156,255.9160073848096,247.42002368458668,247.5995237986898,105517400,16.1,0.04219296246145317,-0.006464126391678221,75.00386062242782,5.607838869494884,1.144030562639446,4.463808306855438,221.7877740884372,235.121817779541,248.4558614706448,235.121817779541,224.09747924804688,1.0491943888368847
2025-09-23,253.71221923828125,256.6140134777918,252.86462630601793,255.15814081026073,60275200,16.64,-0.006464126391678221,-0.008367236857623894,72.32485523792192,6.358218706829206,1.5155283199790137,4.842690386850192,221.4907541078802,236.48147048950196,251.4721868711237,236.48147048950196,225.01581115722655,1.0509549052278107
2025-09-24,251.59820556640625,255.01853710208397,250.33178410429736,254.49999981420794,42303700,16.18,-0.008367236857623894,0.017911684479911448,68.91870421559213,6.705025537675709,1.4898681206604136,5.215157417015296,221.724167586915,237.62822647094725,253.5322853549795,237.62822647094725,225.88210113525392,1.0520011336739779
2025-09-25,256.1453552246094,256.44452717224715,250.99992334214926,252.4956917858775,55202100,16.74,0.017911684479911448,-0.005504333945722916,71.97590564019413,7.263065329019781,1.6383263296035881,5.624738999416193,221.5520124732715,238.943505859375,256.33499924547846,238.943505859375,226.81841766357422,1.0534572470820476
2025-09-26,254.73931884765625,256.87328100426123,253.06405044687503,253.38315498635407,46076300,15.29,-0.005504333945722916,-0.004040113676564628,69.69316222085045,7.505343570469506,1.50448365684265,6.000859913626856,221.72118442491112,240.08527603149415,258.44936763807715,240.08527603149415,227.72940185546875,1.0542568244388013
2025-09-29,253.71221923828125,254.28061851263055,252.29622703166862,253.84185736381545,40127700,16.12,-0.004040113676564628,0.0007858087357872592,67.99664551701015,7.527697852675487,1.2214703512389047,6.306227501436583,222.36459636992052,241.19663162231444,260.02866687470834,241.19663162231444,228.59673614501952,1.055118439964522
2025-09-30,253.9116668701172,255.1980209495745,252.39595068950493,254.1410137555297,37704300,16.28,0.0007858087357872592,0.0032151897222239072,68.15873665214122,7.475336513323214,0.9352872095093048,6.540049303813909,223.69273432127963,242.4386184692383,261.1845026171969,242.4386184692383,229.44216217041014,1.0566437143717966
2025-10-01,254.72935485839844,258.05994405161016,254.21081755391603,254.3205078449461,48713900,16.29,0.0032151897222239072,0.006555045573952552,68.85519130895882,7.414352323285357,0.6994424155771579,6.714909907708199,223.93463670801248,243.28522338867188,262.6358100693313,243.28522338867188,230.26569366455078,1.0565413349983774
2025-10-02,256.40460205078125,257.45162766856953,253.43299812845933,255.85613542550084,42630200,16.63,0.006555045573952552,0.0034552785601604428,70.28901442726132,7.415716596314326,0.5606453508849008,6.855071245429425,224.09090592180547,244.15027542114257,264.20964492047966,244.15027542114257,231.12771026611327,1.0563435909092662
2025-10-03,257.2920837402344,258.5086431914624,253.23357360959045,253.9515436206674,49155600,16.65,0.0034552785601604428,-0.005167911774969734,71.04939794890878,7.403072140480674,0.4384007160409995,6.964671424439675,224.36872947335542,245.06418991088867,265.7596503484219,245.06418991088867,232.01524566650392,1.0562417534541724
2025-10-06,255.96585083007812,258.3391414491699,254.33047806472084,257.2621712100349,44664100,16.37,-0.005167911774969734,-0.0008184581241036363,68.23884116718797,7.203003663556046,0.1906657912930978,7.012337872262949,225.11634804024686,246.00203704833984,266.8877260564328,246.00203704833984,232.87386535644532,1.0563746029284997
2025-10-07,255.75643920898438,256.67382669789566,254.70938317067183,256.0854948355218,31955800,17.24,-0.0008184581241036363,0.006141500579785572,67.78289065405515,6.947464144470217,-0.051898982234185986,6.999363126704403,226.61031586541853,247.10541534423828,267.60051482305806,247.10541534423828,233.72491088867187,1.0572489445164013
2025-10-08,257.3320007324219,257.7906945345413,255.38748958216482,255.79633660873378,36496900,16.3,0.006141500579785572,-0.01570047132154628,69.43749544682059,6.793767558515128,-0.16447645455142013,6.958244013066548,230.13295021010015,248.6645050048828,267.1960597996655,248.6645050048828,234.66284759521486,1.0596671247841514
2025-10-09,253.3233184814453,257.2721535801604,252.42586356688122,257.082687156571,38322000,16.43,-0.01570047132154628,-0.03513207354504185,60.87158953832977,6.276147232591882,-0.5456774243797344,6.821824656971616,233.5013966030808,249.8616180419922,266.22183948090355,249.8616180419922,235.5648355102539,1.0606914971021468
2025-10-10,244.57806396484375,255.6567217403356,243.3116425485481,254.2207817432353,61999100,21.66,-0.03513207354504185,0.009697183027240885,47.19370754845407,5.1014540558850285,-1.3762964808692706,6.477750536754299,235.6599778373897,250.42003784179687,265.18009784620403,250.42003784179687,236.3214013671875,1.0596587376049935
2025-10-13,246.96131896972656,248.98559082884384,244.86723728717817,248.6764678182016,38142900,19.03,0.009697183027240885,0.00044408201230031126,50.46062017088731,4.313091378730604,-1.731727326418957,6.044818705149561,237.63773570167007,250.96649169921875,264.29524769676743,250.96649169921875,237.22902160644531,1.0579080502029108
2025-10-14,247.07101440429688,248.14796941642882,244.00966795095763,245.90431694508948,35478000,20.81,0.00044408201230031126,0.006316514957929752,50.61207229500157,3.6550269070370973,-1.9118334384899711,5.566860345527068,239.47185505365016,251.44613494873047,263.42041484381076,251.44613494873047,238.11951263427736,1.0559661078045341
2025-10-15,248.63658142089844,251.10959602979932,246.77186176083558,248.78616738422895,33893600,20.64,0.006316514957929752,-0.007608847967879364,52.828591218049034,3.2226851381510357,-1.875340165900826,5.098025304051862,241.50197583487358,251.96217422485353,262.4223726148335,251.96217422485353,239.0498812866211,1.0540150568941324
2025-10-16,246.75192260742188,248.33743345063007,244.43847540742667,247.54966879270205,39777000,25.31,-0.007608847967879364,0.019370592698148312,49.9238688228291,2.696886922271773,-1.9209107054240713,4.617797627695844,244.04869737651023,252.43932495117187,260.8299525258335,252.43932495117187,239.73677307128906,1.0529854127806482
2025-10-17,251.5782470703125,252.66518358811555,246.57242016484557,247.3203043073955,49147000,20.78,0.019370592698148312,0.03868092101339173,56.517419810988166,2.6392089390952833,-1.5828709508804488,4.222079889975732,245.13304966025717,252.77786712646486,260.4226845926725,252.77786712646486,240.385126953125,1.0515536894083986
2025-10-20,261.50018310546875,263.63416054313814,254.90884523128253,255.168106265739,90483000,18.23,0.03868092101339173,0.002019121064612679,66.33197869413472,3.3554366537803446,-0.6933145889563104,4.048751242736655,244.60262172224625,253.0849983215332,261.5673749208201,253.0849983215332,241.04625610351562,1.049943701315351
2025-10-21,262.0287170410156,264.54162761794373,261.0913663387469,261.1412435480521,46695900,17.87,0.002019121064612679,-0.01657694178315752,66.76235354000251,3.920507380613941,-0.10259508969817155,4.0231024703121125,244.16388521754868,253.5008232116699,262.83776120579114,253.5008232116699,241.75604858398438,1.0485810994036224
2025-10-22,257.72088623046875,262.1084670888602,254.70938662410154,261.9090191460537,45015300,18.6,-0.01657694178315752,0.004362643734738812,60.02719558963684,3.9749038411878814,-0.03855890329938472,4.013462744487266,244.33904646600337,253.80695724487305,263.2748680237427,253.80695724487305,242.33042419433593,1.0473590267862263
2025-10-23,258.8476867675781,259.8847613495841,257.28213901467177,259.206686997747,32754900,17.3,0.004362643734738812,0.012404469824879983,61.131742854866346,4.062111323615682,0.0389188633027322,4.023192460312949,244.26961403348565,253.94207382202148,263.6145336105573,253.94207382202148,242.85394287109375,1.0456576114014886
2025-10-24,262.07855224609375,263.3848541030092,258.44880663072195,260.4531458541269,38253700,16.37,0.012404469824879983,0.022535469923743244,64.18744815967372,4.3418772659849765,0.25494784453762165,4.086929421447355,244.00703708411132,254.30903549194335,264.6110338997754,254.30903549194335,243.45304779052734,1.0445917099824389
2025-10-27,268.0516662597656,268.36078929414754,263.90339825112477,264.13276036080543,44888200,15.79,0.022535469923743244,0.0007065287393462459,69.03434024483899,4.988074751655688,0.7209162641666662,4.267158487489022,243.119047024145,255.02600784301757,266.93296866189013,255.02600784301757,244.19534790039063,1.0443524417469445
2025-10-28,268.2411193847656,269.12862319727753,267.39351124836816,268.23113785786586,41534800,16.42,0.0007065287393462459,0.002598862988010724,69.17683241539389,5.452623746108202,0.9483722068953435,4.504251539212858,242.5363505549614,255.74248046875,268.9486103825386,255.74248046875,244.95539764404296,1.0440369264301017
2025-10-29,268.93914794921875,270.6443152614699,266.35642794866993,268.5203194424725,51086700,16.92,0.002598862988010724,0.006283466664280875,69.72952795922166,5.810131661477641,1.0447040978118256,4.765427563665815,242.06520424666638,256.45297012329104,270.8407359999157,256.45297012329104,245.73598907470702,1.0436117684224344
2025-10-30,270.63433837890625,273.36662916750566,267.72259312931254,271.2226702585742,69886500,16.91,0.006283466664280875,-0.00380226296753672,71.08551081920564,6.159246995129877,1.1150555451712485,5.044191449958628,241.50544272464938,257.1644569396973,272.82347115474516,257.1644569396973,246.64122802734374,1.0426661389765173
2025-10-31,269.6072692871094,276.53767519933945,268.40069127196034,276.2085891024436,86167100,17.44,-0.00380226296753672,-0.004894298833628012,69.06681769416272,6.280648118216902,0.9891653346066196,5.291482783610283,241.2076622093127,257.780216217041,274.3527702247693,257.780216217041,247.5480630493164,1.0413340061791805
2025-11-03,268.29095458984375,270.08589475979994,265.49886601188945,269.65711516237894,50194600,17.17,-0.004894298833628012,0.0036729963281676823,66.46182660369625,6.199183459677386,0.726160540853682,5.473022918823704,241.23351115951797,258.3964714050293,275.5594316505406,258.3964714050293,248.371533203125,1.0403626698785386
2025-11-04,269.2781982421875,270.72408938596277,266.86501191822913,267.5730004152706,49274800,19.0,0.0036729963281676823,0.00037029726863190167,67.45332657385065,6.143466386539387,0.5363547741725467,5.6071116123668405,241.3235518771723,259.07255935668945,276.8215668362066,259.07255935668945,249.2267138671875,1.0395055784218572
2025-11-05,269.3779296875,270.9335263776032,266.17696342424256,267.8522167164328,43683100,18.01,0.00037029726863190167,-0.0013707172835239541,67.55766824951704,6.037758180868764,0.34451725480153783,5.693240926067226,241.3934323059798,259.6748558044434,277.956279302907,259.6748558044434,250.0410107421875,1.0385290598276662
2025-11-06,269.0089416503906,272.6287059365568,267.1342708755924,267.1342708755924,51204000,19.5,-0.0013707172835239541,-0.0048305427121975416,66.70559230971863,5.856697057444421,0.1307649051017563,5.725932152342665,241.99006324949045,260.4591369628906,278.9282106762908,260.4591369628906,250.82439422607422,1.0384123034226582
2025-11-07,267.7126159667969,271.5218466038475,266.0173996929098,269.03885049148494,48227400,19.08,-0.0048305427121975416,0.004538380514148896,63.66745322745133,5.5446864696606895,-0.1449965461455811,5.689683015806271,244.41599524703526,261.6158645629883,278.81573387894133,261.6158645629883,251.54056823730468,1.0400543594072609
2025-11-10,268.93035888671875,273.22240319845355,266.96401085683,268.46122924118225,41312400,17.6,0.004538380514148896,0.021371148071028613,65.26776397252438,5.334188305098394,-0.2843957685663012,5.618584073664695,246.6283493367372,262.7143165588379,278.80028378093857,262.7143165588379,252.28947326660156,1.0413209602337237
2025-11-11,274.73956298828125,275.3983427074405,269.2996575494418,269.3096487524697,46208300,17.28,0.021371148071028613,-0.006487862890758322,71.6768456287612,5.57189191298653,-0.037353728542532494,5.609245641529062,248.89637610415346,264.0977439880371,279.2991118719208,264.0977439880371,253.20282592773438,1.0430284220580233
2025-11-12,272.9628601074219,275.2186787593472,271.19615348009904,274.49002155435767,48398000,17.51,-0.006487862890758322,-0.001903213145158224,67.57007616414724,5.552898305730764,-0.045077868638639274,5.597976174369403,251.41900648775672,265.3140579223633,279.2091093569699,265.3140579223633,253.90613800048828,1.044929673664892
2025-11-13,272.44384765625,276.1868935731559,271.5854266195937,273.6016697208788,49602800,20.0,-0.001903213145158224,-0.001980466546235507,66.37370711812855,5.433333679374414,-0.13171399599599187,5.565047675370406,255.29697681774545,266.59865417480466,277.90033153186386,266.59865417480466,254.57294372558593,1.047238761013746
2025-11-14,271.9048156738281,275.44821996704485,269.10002929321837,270.54732197227213,47431300,19.83,-0.001980466546235507,-0.018338285065585238,65.08482865766604,5.234739655233966,-0.26424641610915245,5.4989860713431185,258.4441178025238,267.61498260498047,276.78584740743713,267.61498260498047,255.23076416015624,1.0485216524958298
2025-11-17,266.9639892578125,269.98836893107386,265.237217022597,268.3214829895084,45018300,22.38,-0.018338285065585238,-7.464947758260898e-05,54.615849604277194,4.6253508948123,-0.6989081412246545,5.324259036036954,259.1467294773291,267.88817291259767,276.62961634786626,267.88817291259767,255.8258657836914,1.047150459520404
2025-11-18,266.9440612792969,270.2079864201871,264.8279974843966,269.48932037088264,45677300,24.69,-7.464947758260898e-05,0.0041789849317348,54.57771771974998,4.0936093104999145,-0.9845197804296326,5.078129090929547,259.79830265787393,268.1339401245117,276.46957759114946,268.1339401245117,256.490969543457,1.0453932963089447
2025-11-19,268.06195068359375,271.7051756343288,265.00762791735707,265.0375710636542,40424500,23.66,0.0041789849317348,-0.008638554808404069,56.41601923978834,3.7195282005067725,-1.0868807123382203,4.806408912844993,261.8151924393847,268.65099334716797,275.48679425495123,268.65099334716797,257.32920440673826,1.0439972950856147
2025-11-20,265.7562561035156,274.91922505965954,265.42688147061517,270.327749378444,45823600,26.42,-0.008638554808404069,0.01948948732721377,51.76280332198862,3.200126872038595,-1.2850256326451177,4.485152504683713,263.6386398557822,268.99642181396484,274.3542037721475,268.99642181396484,258.05670837402346,1.042392672172217
2025-11-21,270.98651123046875,272.8230952896135,265.17732758833057,265.4568071090486,59030800,23.43,0.01948948732721377,0.016185769721398423,59.8522335566772,3.173948156191841,-1.0489634787934978,4.222911634985339,265.0676892799589,269.4418197631836,273.8159502464083,269.4418197631836,258.8082452392578,1.0410866914772963
2025-11-24,275.4083251953125,276.4863089537433,270.397615191446,270.397615191446,65585800,20.52,0.016185769721398423,0.0037982730766835957,65.17023758165331,3.4700047132658938,-0.602325537375556,4.07233025064145,264.7772432235372,269.8096527099609,274.84206219638463,269.8096527099609,259.5957669067383,1.03934534805759
2025-11-25,276.4563903808594,279.8600705608694,274.73957871594786,274.75953066216096,46914200,18.56,0.0037982730766835957,0.0020917682533082623,66.30935656494512,3.7460199826038547,-0.2610482144300761,4.007068197033931,264.476375570638,270.2204162597656,275.9644569488932,270.2204162597656,260.3753317260742,1.037811126224695
2025-11-26,277.0352783203125,279.01161742605893,276.1170014953278,276.44637611579356,33431400,17.19,0.0020917682533082623,0.004672971434540764,66.95226796676747,3.9657606704734008,-0.033046021248424484,3.9988066917218252,264.19881869418197,270.62522277832034,277.0516268624587,270.62522277832034,261.1497213745117,1.0362837890614476
2025-11-28,278.3328857421875,278.4826014787427,275.4781737009374,276.7458380127342,20135600,16.35,0.004672971434540764,0.0151262172065036,68.4075867250363,4.196241167039602,0.15794758025422162,4.038293586785381,263.75841999488176,271.01015014648436,278.26188029808696,271.01015014648436,261.9722009277344,1.0344996499122558
2025-12-01,282.57501220703125,282.89442609469603,275.62792768573877,277.4944549964911,46587700,17.24,0.0151262172065036,0.010855696011275954,72.64818887676302,4.667399893259471,0.5032850451792719,4.1641148480801995,262.86868185669164,271.65853729248045,280.44839272826925,271.65853729248045,262.72755310058596,1.0339933291597903
2025-12-02,285.6592712402344,286.86701880065203,282.10587559562896,282.47518456741903,53669500,16.59,0.010855696011275954,-0.007153684504557431,75.24943671334964,5.229389360687094,0.8522196100855153,4.3771697506015785,261.98271479723434,272.526953125,283.0711914527656,272.526953125,263.3335873413086,1.0349114819591008
2025-12-03,283.623046875,288.0847586222564,282.77461708045536,285.6692634925469,43538700,16.08,-0.007153684504557431,-0.012215789741831256,70.48355857192706,5.447666465739189,0.8563973721100879,4.591269093629101,261.77087900327314,273.24419555664065,284.71751211000816,273.24419555664065,263.93180389404296,1.0352833251817435
2025-12-04,280.179443359375,284.20196835267484,278.07334059490756,283.5731318378766,43989100,15.78,-0.012215789741831256,-0.00686355564689062,63.19420327283124,5.2818962081576615,0.5525016916228473,4.729394516534814,262.0752919584767,273.7842712402344,285.493250521992,273.7842712402344,264.50342864990233,1.0350877969246146
2025-12-05,278.26300048828125,280.6186397013617,277.53434330937836,280.01974631085085,47265800,15.41,-0.00686355564689062,-0.003197540392983899,59.50588305360217,4.938948042749757,0.16764282097195427,4.771305221777803,262.59816014944676,274.2469741821289,285.89578821481103,274.2469741821289,264.94578155517576,1.0351060227204114
2025-12-08,277.3746643066406,279.15136205700173,275.6378704438954,277.6142094762677,38211800,16.66,-0.003197540392983899,-0.0025583326534953568,57.8212511603565,4.543107727239487,-0.18255799563065267,4.72566572287014,263.40849374898323,274.7300765991211,286.051659449259,274.7300765991211,265.39848846435547,1.0351606679780279
2025-12-09,276.66595458984375,279.5106752769474,276.40645748061854,277.64414811825674,32193300,16.93,-0.0025583326534953568,0.005755873046479309,56.448248729175276,4.124667870417284,-0.4807982819622856,4.605466152379569,264.0895256359051,275.11685638427736,286.1441871326496,275.11685638427736,265.85756317138674,1.0348280225788482
2025-12-10,278.26300048828125,279.2312028389952,275.92734368017386,277.23491184461454,33038300,15.77,0.005755873046479309,-0.0026938721785778564,58.82121230555069,3.87722528650977,-0.5825926926958394,4.459817979205609,264.1831654428816,275.2930282592773,286.40289107567304,275.2930282592773,266.34458984375,1.0335972223831424
2025-12-11,277.514404296875,279.07150890817053,273.3022288840155,278.5824273392719,33248000,14.85,-0.0026938721785778564,0.0008988005844432756,57.24668325674627,3.5794580355697008,-0.7042879549087271,4.283745990478428,264.42453175635313,275.52060546875,286.6166791811468,275.52060546875,266.8002908325195,1.032684801838183
2025-12-12,277.7639465332031,278.70220580092337,276.30666253778065,277.38464634485007,39532900,15.74,0.0008988005844432756,-0.015098408555415868,57.65360814347055,3.3252795639639317,-0.7667731412115977,4.092052705175529,264.74337513441606,275.78661041259767,286.8298456907793,275.78661041259767,267.227477722168,1.032029388457307
2025-12-15,273.6016540527344,279.63046152672615,272.33402020742307,279.63046152672615,50409100,16.5,-0.015098408555415868,0.0018224664254049999,49.23580613103555,2.7562072351873894,-1.068676375990512,3.8248836111779014,264.92314681952206,275.87145233154297,286.8197578435639,275.87145233154297,267.553669128418,1.0310882793355851
2025-12-16,274.1007385253906,274.9891026980292,271.2859911871425,272.3140798989353,37648600,16.48,0.0018224664254049999,-0.010138247658845124,50.17519194319996,2.318756083848598,-1.2049020218634432,3.523658105712041,266.0246351811009,276.22828979492186,286.4319444087428,276.22828979492186,267.9163668823242,1.0310243193027788
2025-12-17,271.33587646484375,275.6478724530811,271.13626563598973,274.50001118897205,50138700,17.62,-0.010138247658845124,0.001286746577224654,45.18657641016591,1.7290403327122021,-1.4356942183998713,3.1647345511120735,266.883914385067,276.44788055419923,286.0118467233315,276.44788055419923,268.2279556274414,1.0306452953702372
2025-12-18,271.68524169921875,273.12257373871984,266.4549687260805,273.1025913325419,51630700,16.87,0.001286746577224654,0.005422681951884745,45.91827534835404,1.2751777505730502,-1.5116454404312192,2.7868231910042693,267.58415990282793,276.6290451049805,285.67393030713305,276.6290451049805,268.5150204467773,1.0302181406637974
2025-12-19,273.1625061035156,274.09077415448866,269.399477884542,271.6453053723066,144632000,14.91,0.005422681951884745,-0.009914939859583293,49.01734391262338,1.02289992216771,-1.4111386150692478,2.4340385372369577,269.2520165562622,276.99935760498045,284.7466986536987,276.99935760498045,268.91180419921875,1.030075114886999
2025-12-22,270.4674987792969,273.37210596231955,270.00836035897595,272.3539780142796,36571800,14.08,-0.009914939859583293,0.005116600880012278,44.057306068081296,0.5986030344803908,-1.4683484022052538,2.0669514366856445,269.1426489587727,276.97340698242186,284.804165006071,276.97340698242186,269.4295928955078,1.027999203821088
2025-12-23,271.85491943359375,271.99467443806464,269.06012395403746,270.3377490962612,29642000,14.0,0.005116600880012278,0.005309660095674185,47.0290142467312,0.3700324420825609,-1.3575351956824668,1.7275676377650278,268.67512150475176,276.7957366943359,284.9163518839201,276.7957366943359,269.92746490478515,1.0254448793937048
2025-12-24,273.3022155761719,274.9192064044749,271.69521595033444,271.8349404799371,17910600,13.47,0.005309660095674185,-0.0014985148401437073,50.012073231445605,0.30218984753685163,-1.140302232182541,1.4424920797193925,268.37589689445133,276.6380279541016,284.9001590137518,276.6380279541016,270.4520889282227,1.0228725873421545
2025-12-26,272.8929748535156,274.859322715931,272.35396775197984,273.65157518449314,21521800,13.6,-0.0014985148401437073,0.0013160418504418513,49.16889314826638,0.21294707510219268,-0.9836360036937599,1.1965830787959526,268.0127926912597,276.43091278076173,284.8490328702638,276.43091278076173,270.937216796875,1.0202766384361488
2025-12-29,273.2523498535156,273.8512128461511,271.8449608988494,272.1843267483383,23715200,14.2,0.0013160418504418513,-0.002487138437606135,49.96662870628384,0.16926886792288087,-0.8218513686984574,0.9911202366213383,267.69727634794197,276.1768859863281,284.65649562471424,276.1768859863281,271.46722534179685,1.017348910678265
2025-12-30,272.5735778808594,273.5717234473003,271.77507361210075,272.304089543875,22139600,14.33,-0.002487138437606135,-0.004477584501558454,48.42093555344198,0.07897200843456176,-0.7297185825494213,0.8086905909839831,267.5951650096902,275.6768142700195,283.7584635303488,275.6768142700195,271.8871319580078,1.0139384393984376
2025-12-31,271.3558349609375,273.17246717497864,271.24605357156486,272.553621806917,27293600,14.95,-0.004477584501558454,-0.0031314907649584198,45.69018193725808,-0.08981524555639453,-0.7188046692323021,0.6289894236759076,268.10077845226573,274.9616424560547,281.8225064598436,274.9616424560547,272.08424499511716,1.0105753916805773
2026-01-02,270.5074157714844,277.32473598417806,268.5011336129586,271.75509761912826,37838100,14.51,-0.0031314907649584198,-0.013933739398968666,43.835313911046406,-0.288712599317023,-0.7341616183943445,0.4454490190773215,268.44793474430656,274.3058609008789,280.1637870574512,274.3058609008789,272.2538189697266,1.0075372383715964
2026-01-05,266.7643737792969,271.0064921177503,265.6464557026853,270.1381104139889,45647200,14.9,-0.013933739398968666,-0.018504426184870557,36.74743816764888,-0.739843931704911,-0.948234360625786,0.208390428920875,267.5531119138926,273.635107421875,279.71710292985733,273.635107421875,272.43468872070315,1.0044062623111938
2026-01-06,261.8734436035156,267.0538212812338,261.6338984265986,266.504853430471,52352100,14.75,-0.018504426184870557,-0.007767587254826069,29.93602079054007,-1.4750228080631587,-1.346730589587227,-0.1282922184759317,265.2203440715658,272.81562957763674,280.41091508370766,272.81562957763674,272.49520385742187,1.0011758948989888
2026-01-07,259.8471984863281,263.1909919246956,259.32817380451803,262.71190159101934,48309800,15.38,-0.007767587254826069,-0.004967410582383972,27.649462290920695,-2.1958460646087588,-1.6540430769062615,-0.5418029877024971,262.7689060861184,271.9392562866211,281.1096064871238,271.9392562866211,272.45057678222656,0.9981232541268791
2026-01-08,258.55963134765625,258.80916773471864,255.22581364132833,256.5433578451618,50419300,15.45,-0.004967410582383972,0.0012730781005779077,26.27602000295496,-2.838281652000262,-1.8371829314382118,-1.0010987205620503,260.44378097944264,271.03394012451173,281.6240992695808,271.03394012451173,272.2607360839844,0.9954940400987742
2026-01-09,258.8890075683594,259.7274461787287,255.74485516422806,258.5995368285105,39997000,14.49,0.0012730781005779077,0.0033871684089656568,27.271280366766415,-3.282994260960322,-1.8255164323186175,-1.4574778286417047,258.77604346050896,270.06524047851565,281.35443749652234,270.06524047851565,272.0736938476563,0.9926179802952019
2026-01-12,259.76739501953125,260.8154357257053,256.32378048041085,258.6794199598783,45263800,15.12,0.0033871684089656568,0.003069160037768495,29.98579785639082,-3.5239319868502434,-1.6531633265668308,-1.8707686602834126,257.58446421252484,269.1778900146484,280.771315816772,269.1778900146484,271.8902587890625,0.9900240310686585
2026-01-13,260.5658874511719,261.3244878277737,257.9108470550362,258.24022168851656,45730800,15.98,0.003069160037768495,-0.004184200562639289,32.45386280749428,-3.6088446893755304,-1.3904608232736941,-2.2183838661018362,256.8489402915187,268.3179870605469,279.7870338295751,268.3179870605469,271.6888897705078,0.9875927841112375
2026-01-14,259.4779052734375,261.33447181199796,256.23393227813756,259.0087756526009,40019400,16.75,-0.004184200562639289,-0.0067546064536927915,30.857726325815374,-3.721035901379878,-1.2021216282224332,-2.5189142731574448,255.79696941467512,267.611799621582,279.4266298284889,267.611799621582,271.4863024902344,0.9857285511898276
2026-01-15,257.73114013671875,260.5559089501236,256.5732877053955,260.1666175851947,39388600,15.84,-0.0067546064536927915,-0.01043328271118352,28.439366274161365,-3.9058731193964036,-1.109567076991167,-2.7963060424052366,254.6271865426081,266.79331970214844,278.95945286168876,266.79331970214844,271.27510620117187,0.9834788139546434
2026-01-16,255.05613708496094,258.41988279267105,254.45724364888233,257.4217372195352,72142800,15.86,-0.01043328271118352,-0.03516681140302266,25.184289806638276,-4.219567785852746,-1.1386093947580074,-3.0809583910947387,252.98741895256455,265.9793327331543,278.97124651374406,265.9793327331543,270.9906649780273,0.9815073620883606
2026-01-20,246.2425079345703,254.31750190322293,242.9685916985444,252.26132447540706,80267500,20.09,-0.03516681140302266,0.0038434513252299496,17.910459284663347,-5.12033524551947,-1.6315014835397852,-3.488833761979685,249.41950596864524,264.7071960449219,279.99488612119853,264.7071960449219,270.52795654296875,0.978483700640668
2026-01-21,247.1907501220703,251.09350304772093,244.72532928784554,248.23880604127606,54641700,16.9,0.0038434513252299496,0.002822574664753265,20.568581657755676,-5.692070086477486,-1.7625890595982403,-3.9294810268792455,246.8546096746,263.4086082458496,279.96260681709924,263.4086082458496,270.09159271240236,0.9752565994393284
2026-01-22,247.8894500732422,250.53452965267718,247.68980878155546,248.737864640942,39708300,15.64,0.002822574664753265,-0.0012490498169329728,22.558418561962245,-6.019406845123484,-1.6719406545953905,-4.347466190528094,244.75428276778274,262.2797058105469,279.80512885331103,262.2797058105469,269.69512939453125,0.9725044215643343
2026-01-23,247.58001708984375,248.94748685874615,244.22624741136653,246.86136630134166,41689000,16.09,-0.0012490498169329728,0.029280096957102087,22.292078617533324,-6.231954152195584,-1.5075903693339923,-4.724363782861592,243.00697482754788,261.0659606933594,279.1249465591709,261.0659606933594,269.26812255859375,0.9695390535378002
2026-01-26,254.9363555908203,256.08421686766076,249.336758511775,251.01363570547153,55969200,16.15,0.029280096957102087,0.011135311634926056,40.3292660341782,-5.740629977861346,-0.8130129559998034,-4.9276170218615425,242.81783366710965,260.1476676940918,277.47750172107396,260.1476676940918,268.8720584106445,0.9675518878081855
2026-01-27,257.791015625,261.46421404872183,257.73112933459527,258.68937090303496,49648300,16.35,0.011135311634926056,-0.007110624097650485,45.60563115528656,-5.062546932817526,-0.10794392876478653,-4.954603004052739,243.06269996727323,259.392569732666,275.7224394980588,259.392569732666,268.5686215209961,0.9658334926233639
2026-01-28,255.96446228027344,258.3799575946877,254.03803333601454,257.17220993748055,41288000,16.35,-0.007110624097650485,0.007149452337149825,42.98643775984151,-4.61930040442445,0.26824207970263103,-4.887542484127081,243.44150510743827,258.5281753540039,273.61484560056954,258.5281753540039,268.23903381347657,0.9637977429257174
2026-01-29,257.801025390625,259.16847988830324,253.93820707645818,257.52154586161765,67253000,16.88,0.007149452337149825,0.004635398415236556,46.324420003642146,-4.0728794243229345,0.6517304478433177,-4.724609872166252,244.1485646621539,257.7895477294922,271.4305307968305,257.7895477294922,267.9569580078125,0.962055807940528
2026-01-30,258.9988098144531,261.41430490835,251.7123292610244,254.69678984095313,92443400,17.44,0.004635398415236556,0.039779460893500804,48.444434769257626,-3.5028074838887164,0.9774419106220282,-4.480249394510745,245.0048114374719,257.171696472168,269.33858150686405,257.171696472168,267.7976544189453,0.9603209446705835
2026-02-02,269.5093078613281,269.98839826257677,258.7293169184304,259.5478036352127,73913400,16.34,0.039779460893500804,-0.001964837922112354,62.457065411462054,-2.177807601075415,1.8419534347482642,-4.019761035823679,245.16778846809999,257.12179107666014,269.07579368522033,257.12179107666014,267.8489593505859,0.9599506815335987
2026-02-03,268.98028564453125,271.3758289780004,267.11372779647115,268.70080609664296,64394700,18.0,-0.001964837922112354,0.025680287047938025,61.550269857852406,-1.1570851620223266,2.290140699041082,-3.4472258610634086,244.8884393053071,257.2325866699219,269.5767340345367,257.2325866699219,267.86732604980466,0.9602984823243972
2026-02-04,275.97723388671875,278.432693698261,271.7850411492978,271.7850411492978,90545700,18.64,0.025680287047938025,-0.0020997961220096443,68.13906189149367,0.2139734196555878,2.928959424575197,-2.7149860049196093,243.22881108124025,257.93777618408205,272.6467412869238,257.93777618408205,268.0717456054688,0.9621968014626157
2026-02-05,275.3983459472656,278.98168486317746,272.72332314901723,277.6142303156022,52977400,21.77,-0.0020997961220096443,0.00797784107081465,67.11435780938304,1.2395470777128708,3.1636264661059843,-1.9240793883931135,242.15694012333117,258.71533355712893,275.2737269909267,258.71533355712893,268.1599822998047,0.9647797980083523
2026-02-06,277.6042175292969,280.3890519626743,276.4164219647768,276.6060720438839,50453400,17.76,0.00797784107081465,-0.011729000497211482,69.02584831243149,2.204900274156671,3.3031837300398275,-1.0982834558831567,241.17684710431206,259.6675628662109,278.15827862810977,259.6675628662109,268.2039001464844,0.9681722104875761
2026-02-09,274.3672180175781,277.9439398399519,271.4499228389202,277.6541982366954,44623400,17.36,-0.011729000497211482,-0.003428831498793266,63.218754471977874,2.6778818741490227,3.0209322640257437,-0.34305038987672076,240.88116761284888,260.44147338867185,280.0017791644948,260.44147338867185,268.16211669921876,0.9712090454625748
2026-02-10,273.4280700683594,275.11651686144285,272.68876099546605,274.6369782150198,34376900,17.79,-0.003428831498793266,0.006628103245317512,61.59955363175898,2.943016546294814,2.6288535489372276,0.3141629973575861,240.7682087558365,261.12450714111327,281.48080552639004,261.12450714111327,268.0899725341797,0.974018180063865
2026-02-11,275.24639892578125,279.92208361183503,274.1973776592452,274.44714753122867,51931300,17.65,0.006628103245317512,-0.05127407257936166,63.54634309562356,3.2622563658467243,2.3584746947913104,0.9037816710554138,240.59713896695328,261.85853271484376,283.11992646273427,261.85853271484376,268.0282427978516,0.9769811195320149
2026-02-12,261.4891052246094,275.46621856633783,259.94051360693726,275.3363333447182,81077200,20.82,-0.05127407257936166,-0.022995839415095466,44.970283334374585,2.377748392287117,1.1791733769853625,1.1985750153017545,240.72468118814407,261.95909271240237,283.19350423666066,261.95909271240237,267.6065246582031,0.9788965087715487
2026-02-13,255.5445556640625,261.9886306947134,255.21485759663088,261.7688319830923,56290700,20.6,-0.022995839415095466,0.03117681438621338,39.58548292730833,1.1834518851835014,-0.012098504094602447,1.1955503892781039,240.50716379291592,261.84976348876955,283.1923631846232,261.84976348876955,267.00423034667966,0.9806951865473534
2026-02-17,263.6371154785156,266.0449008431299,255.30478047881587,257.8124646511843,58469100,20.29,0.03117681438621338,0.0017795532383034164,48.607353958247586,0.8798231894868991,-0.2525817598329638,1.132404949319863,241.15587503317462,262.27881240844727,283.40174978371994,262.27881240844727,266.60451171875,0.9837748458103137
2026-02-18,264.106689453125,266.57441720150126,262.20844437502524,263.35737977838915,34203300,19.62,0.0017795532383034164,-0.014364224365880748,49.08249788274757,0.6693698767077763,-0.3704280580896693,1.0397979347974455,243.36740565349544,263.172021484375,282.9766373152546,263.172021484375,266.283056640625,0.9883168114580846
2026-02-19,260.3401184082031,264.2365527856389,259.81060750150084,262.35827847824623,30845300,20.23,-0.014364224365880748,0.015233823534795543,45.45248116354363,0.19638944998729357,-0.6747267878481217,0.8711162378354153,245.36283136279798,263.82948989868163,282.2961484345653,263.82948989868163,265.92459899902343,0.9921214167165125
2026-02-20,264.3364562988281,264.5063132392292,257.9223826043077,258.73163460792017,42070500,19.09,0.015233823534795543,0.00602904668779855,49.70284501813722,0.14237886819074674,-0.5829898957157349,0.7253687639064816,247.69463329366906,264.65184020996094,281.6090471262528,264.65184020996094,265.66383483886716,0.9961906947947204
2026-02-23,265.9349670410156,269.1819753311392,263.13755670993424,263.24744081710827,37308200,21.01,0.00602904668779855,0.022144036649487702,51.33625308214145,0.22595686053955433,-0.3995295226935419,0.6254863832330962,250.52905319278776,265.56958770751953,280.6101222222513,265.56958770751953,265.44921508789065,1.0004534676042987
2026-02-24,271.8895263671875,274.6369951599546,267.46358073991865,267.61343657617186,47014600,19.55,0.022144036649487702,0.007650520846136862,56.94531737555151,0.7638707681936694,0.11070750796845841,0.653163260225211,251.97014347872445,266.41724624633787,280.8643490139513,266.41724624633787,265.3217456054688,1.0041289515805392
2026-02-25,273.97760009765625,274.6869380517792,270.8005039088116,271.5298429675081,33714300,17.93,0.007650520846136862,-0.0046786052410885525,58.74121745030739,1.3431781926529993,0.5520119459422306,0.7911662467107687,252.9911217598143,267.2265754699707,281.46202918012716,267.2265754699707,265.2510095214844,1.0074479111391519
2026-02-26,272.6987609863281,275.8558253670768,270.55071567552415,274.6969199809464,32345100,18.63,-0.0046786052410885525,-0.032657957379533524,57.168420235667405,1.6797290013096813,0.71085020367913,0.9688787976305513,254.62938929771175,268.06329040527345,281.4971915128352,268.06329040527345,265.1497058105469,1.0109884511688214
2026-02-27,263.93682861328125,272.5588900215503,262.6480379442022,272.5588900215503,72366500,19.86,-0.032657957379533524,0.002041924719824955,47.737426417076016,1.2253086307400167,0.20514386648757243,1.0201647642524443,255.625044713422,268.3700805664063,281.1151164193906,268.3700805664063,264.9564093017578,1.0128838976707322
2026-03-02,264.476318359375,266.2846497598317,259.960490133898,262.16844722421786,41827900,21.44,0.002041924719824955,-0.0036708976244395467,48.30292976650993,0.8983538628227166,-0.09744872114378222,0.9958025839664988,256.4947156215568,268.64395599365236,280.7931963657479,268.64395599365236,264.7639208984375,1.014654697218747
2026-03-03,263.5072326660156,265.31556422164516,259.8905695547566,263.23749216234586,38568900,23.57,-0.0036708976244395467,-0.004674468498819032,47.312588737658245,0.554649087772475,-0.3529227969552191,0.9075718847276941,255.99997881058826,268.3438522338867,280.6877256571852,268.3438522338867,264.60734802246094,1.0141209389661718
2026-03-04,262.2783508300781,265.9050144519466,261.179387723623,264.4063951364299,39803100,21.15,-0.004674468498819032,-0.008530831338801404,46.023959722732066,0.18101347268373047,-0.581246729635171,0.7622602023189015,255.39134277317564,268.0087554931641,280.6261682131525,268.0087554931641,264.4192102050781,1.0135752061482295
2026-03-05,260.0504150390625,261.3192350446657,257.01320478174756,260.54995479568396,49658600,23.75,-0.008530831338801404,-0.01093213459894777,43.70009519836733,-0.2915108868278935,-0.843016871317436,0.5515059844895425,254.6972167842482,267.21241455078126,279.7276123173143,267.21241455078126,264.15696838378904,1.011566782378245
2026-03-06,257.2229919433594,258.53178361058343,254.13584003818684,258.39192833924307,41120000,29.49,-0.01093213459894777,0.009355669414157603,40.879108396012256,-0.8839496389591659,-1.1483644987589667,0.26441485979980084,253.6591793472031,266.30364685058595,278.9481143539688,266.30364685058595,263.8920782470703,1.0091384653133006
2026-03-09,259.6407775878906,260.9095975388004,253.44647267699952,255.45463216869055,38218500,25.5,0.009355669414157603,0.003648874557014285,44.19646428022204,-1.1451657649801632,-1.1276644998239713,-0.017501265156191992,253.57357337791728,265.4054748535156,277.23737632911394,265.4054748535156,263.6477954101563,1.006666770873714
2026-03-10,260.58990478515625,262.2384104290217,256.71350175461305,257.4128391437035,30590800,24.93,0.003648874557014285,-7.670972662595488e-05,45.4895350173735,-1.2610581013688602,-0.9948454689701346,-0.2662126323987256,253.461782501174,264.7166091918945,275.971435882615,264.7166091918945,263.39354919433595,1.0050231298435575
2026-03-11,260.5699157714844,261.888707997661,259.3110658747261,260.8496568052655,26218900,24.23,-7.670972662595488e-05,-0.0195526595655038,45.46564065136035,-1.33908047311877,-0.8582942725760355,-0.48078620054273447,253.43044513028028,264.0737014770508,274.71695782382136,264.0737014770508,263.1470880126953,1.0035212757676832
2026-03-12,255.52456665039062,258.71164792954545,253.94601921584928,258.4219063383753,40794000,27.29,-0.0195526595655038,-0.02229865363447962,39.78510757856793,-1.7874269281882675,-1.0453125821164264,-0.7421143460718411,253.1356700231901,263.0876098632813,273.0395497033724,263.0876098632813,262.7925323486328,1.001122853499722
2026-03-13,249.8897705078125,256.0940459350445,249.29033192864068,255.24483747003174,36930000,27.19,-0.02229865363447962,0.010737011185857437,34.58757146269138,-2.5678253880843727,-1.4605688336100253,-1.1072565544743473,251.01759481437273,262.5076431274414,273.99769144051004,262.5076431274414,262.3388562011719,1.0006433927810527
2026-03-16,252.58729553222656,253.6563027081548,249.6499992581203,251.87794235419486,32074200,23.51,0.010737011185857437,0.005561553592463054,38.71520981974306,-2.934798534054437,-1.4620335836640717,-1.4727649503903653,250.4467830907475,262.3597801208496,274.27277715095175,262.3597801208496,261.96348541259766,1.0015127860572925
2026-03-17,253.99598693847656,254.89516767044782,251.94787083452104,252.72716690012706,32361600,22.37,0.005561553592463054,-0.017018440434935896,40.815523883083536,-3.076493866335227,-1.2829831327558892,-1.7935107335793377,249.4417165050318,261.87772369384766,274.31373088266355,261.87772369384766,261.6332568359375,1.0009343875502166
2026-03-18,249.70994567871094,254.70534343896443,248.7708084606242,252.3974721128864,35757900,25.09,-0.017018440434935896,-0.003928637969992818,36.694904814470576,-3.4943553939286858,-1.3606757282794786,-2.133679665649207,247.6968717149582,261.15788650512695,274.6189012952957,261.15788650512695,261.29216827392577,0.9994860857495811
2026-03-19,248.73085021972656,251.5982036354298,247.0723745163624,249.17043241392184,34864100,24.06,-0.003928637969992818,-0.0039038546496206693,35.80561842777515,-3.860022548812026,-1.3810743065302549,-2.478948242281771,246.06523286341618,260.5774230957031,275.08961332799004,260.5774230957031,261.02931640625,0.9982688024595536
2026-03-20,247.76173400878906,248.97061168291066,245.77356028907465,247.7517334570195,88331100,26.78,-0.0039038546496206693,0.014014812591042392,34.90395182376447,-4.179833464207832,-1.3607081775408485,-2.819125286666983,244.3253681950833,259.74868698120116,275.172005767319,259.74868698120116,260.78760711669923,0.9960162212193113
2026-03-23,251.25851440429688,254.3656523266213,250.0496214753341,253.73622734962268,40546100,26.15,0.014014812591042392,0.0005962460475602484,40.70601712826207,-4.103818697264245,-1.0277547284778095,-3.0760639687864355,243.4428582602427,259.0148643493652,274.5868704384877,259.0148643493652,260.641584777832,0.9937587840027392
2026-03-24,251.4083709716797,254.5954370944537,249.32029842391177,250.1195650925759,45152300,26.95,0.0005962460475602484,0.0038868788463975487,40.94892851633751,-3.9855414334885495,-0.7275819717616914,-3.257959461726858,243.26963270443156,257.99080657958984,272.71198045474813,257.99080657958984,260.4919720458984,0.9903983011581337
2026-03-25,252.38746643066406,254.76528059453105,251.3684162845015,253.86611511385965,28476700,25.33,0.0038868788463975487,0.0010682625170895263,42.60339286164647,-3.769350304930583,-0.40911267456298006,-3.360237630367603,243.98011308635645,256.9112998962402,269.84248670612396,256.9112998962402,260.3443734741211,0.9868133367659582
2026-03-26,252.6572265625,256.76344411909713,250.53918279672283,251.88793104116345,41796700,27.44,0.0010682625170895263,-0.016305280196262602,43.07660711828015,-3.5354949053164546,-0.140205819959081,-3.3952890853573736,245.09397450740104,255.90922317504882,266.72447184269663,255.90922317504882,260.18620025634766,0.9835618604019546
2026-03-27,248.57098388671875,255.2548282141602,247.8416601166152,253.666280215245,47900000,31.05,-0.016305280196262602,-0.008760109701824332,37.96988781852649,-3.6379523993526846,-0.19413065119624884,-3.4438217481564357,244.53480189662343,255.14093093872071,265.747059980818,255.14093093872071,259.96806182861326,0.9814318310644063
2026-03-30,246.40298461914062,250.63907198816298,245.28400520065438,249.83982057534305,39446200,30.61,-0.008760109701824332,0.02861786495948073,35.56111663823281,-3.84971302828356,-0.32471302410169933,-3.5250000041818605,243.89009222980894,254.23726425170898,264.584436273609,254.23726425170898,259.7414987182617,0.9788087983871876
2026-03-31,253.55638122558594,255.24482803058763,246.87255213324852,247.6818040942864,49598100,25.25,0.02861786495948073,0.007223978636376895,47.41489570672485,-3.4011096546721262,0.09911227960778746,-3.5002219342799137,244.30679891601028,253.7397216796875,263.17264444336473,253.7397216796875,259.71150360107424,0.9770060939212011
2026-04-01,255.3946990966797,255.94418062939917,253.096813183035,253.8461228128272,40059400,24.54,0.007223978636376895,0.0011338123573076417,49.96230710675971,-2.8642342508189813,0.5087901467687463,-3.3730243975877277,244.76580342208285,253.3955390930176,262.0252747639523,253.3955390930176,259.8945474243164,0.9749936718730455
2026-04-02,255.68443298339844,255.89424639361263,250.4192795609811,253.96601496217014,31289400,23.87,0.0011338123573076417,0.01142239161475063,50.37038271926686,-2.387851852269108,0.788138036254896,-3.175989888524004,245.0242005549112,253.17723999023437,261.33027942555753,253.17723999023437,260.06442108154295,0.9735174036391964
2026-04-06,258.6217041015625,261.9186847371787,256.2239194053331,256.27389167390277,29329900,24.17,0.01142239161475063,-0.020923456036972127,54.42799825838878,-1.7530935664603362,1.1383170576509345,-2.8914106241112707,244.9340952908466,253.24717559814454,261.5602559054425,253.24717559814454,260.27906616210936,0.9729832649715089
2026-04-07,253.26666259765625,255.96418954301222,245.47383916108728,255.92421782448065,62148000,25.78,-0.020923456036972127,0.02107802518992581,46.8995998263474,-1.6629803449392568,0.9827442233376114,-2.645724568276868,245.14865896118377,252.9284698486328,260.7082807360818,252.9284698486328,260.39279907226563,0.9713343485295026
2026-04-08,258.66168212890625,259.51090582044134,256.29386854025813,258.2121146377317,41032800,21.04,0.02107802518992581,0.006122567123347408,53.82856626121924,-1.143055546725435,1.2021352172411466,-2.3451907639665817,245.394135311323,252.83205871582032,260.26998212031765,252.83205871582032,260.46730560302734,0.970686352095016
2026-04-09,260.2502136230469,260.879638597066,255.8342992320816,258.7615948993736,28121600,19.49,0.006122567123347408,-3.8345556912621514e-05,55.66309097977858,-0.5959603229885602,1.3993843527824172,-1.9953446757709774,245.44365198729756,252.81607360839843,260.1884952294993,252.81607360839843,260.5164895629883,0.9704417330069695
2026-04-10,260.240234375,261.94865175168746,258.78155637925676,259.7406946341393,31291500,19.23,-3.8345556912621514e-05,-0.0049260673756055485,55.648132499504165,-0.16132895867434627,1.467212573677305,-1.6285415323516512,245.07146408172346,253.0518569946289,261.0322499075344,253.0518569946289,260.6020050048828,0.9710280509541266
2026-04-13,258.96142578125,259.9405042051452,256.4237552437805,259.49093671136296,36234700,19.12,-0.0049260673756055485,-0.0014286068821369137,53.65815440124005,0.07901947550254818,1.3660488062833596,-1.2870293307808114,245.2684157684674,253.50543975830078,261.7424637481341,253.50543975830078,260.6252130126953,0.9726819474904459
2026-04-14,258.59173583984375,261.68888841493145,256.9532612999924,259.01136264890187,48370700,18.36,-0.0014286068821369137,0.028940120889102108,53.06735248513904,0.23693521093633763,1.2191716333737193,-0.9822364224373816,245.29134941290567,253.80566177368163,262.3199741344576,253.80566177368163,260.6170715332031,0.9738642993743651
2026-04-15,266.18475341796875,266.3146386359468,257.57269269729437,257.92237663273806,49913500,18.17,0.028940120889102108,-0.011437796552710188,62.258789986816595,0.9636690530675196,1.556724380403921,-0.5930553273364014,244.33298762318904,254.41510009765625,264.4972125721235,254.41510009765625,260.55058044433594,0.9764518646006607
2026-04-16,263.15753173828125,266.91408037974617,261.0294875448873,266.55439590858066,43323100,17.94,-0.011437796552710188,0.025599724502604514,57.42976013532465,1.28057766657912,1.498906395132417,-0.21832872855329716,244.56612289035112,255.08747940063478,265.6088359109184,255.08747940063478,260.43412536621094,0.9794702558351063
2026-04-17,269.98126220703125,272.0493335842862,266.47448343207725,266.7142527536172,61436200,17.48,0.025599724502604514,0.010381401662850636,64.17513512339129,2.0586175844548507,1.8215570504065182,0.2370605340483324,244.21405642321085,256.15,268.08594357678913,256.15,260.3142059326172,0.9840031552726894
2026-04-20,272.79864501953125,274.0275237795767,270.04120633500696,270.08114756253855,36590200,18.87,0.010381401662850636,-0.02551957602598669,66.53303322709787,2.8694814757026847,2.1059367533234816,0.7635447223792029,244.07663805241137,257.40184555053713,270.72705304866287,257.40184555053713,260.2622119140625,0.9890096747334575
2026-04-21,265.9250183105469,272.5488901425708,265.1557075406741,271.250098918132,50209800,19.5,-0.02551957602598669,0.025959122658055597,56.72388676757394,2.9237495564399296,1.7281638672485813,1.1955856891913483,244.6299538736662,258.1351707458496,271.64038761803306,258.1351707458496,260.0286279296875,0.9927182741419154
2026-04-22,272.9185791015625,273.48803128351057,266.62435952726383,267.5734973129919,43249200,18.92,0.025959122658055597,0.0009512419139857489,62.74259861031807,3.4908390895607795,1.8362027202955447,1.6546363692652348,244.63591330826483,259.21068115234374,273.78544899642264,259.21068115234374,259.99965515136716,0.9969654805943334
2026-04-23,273.1783142089844,275.5161566987003,271.39995382845746,274.79681820267325,33399600,19.31,0.0009512419139857489,-0.00870548556450589,62.94869755425292,3.9160779734861535,1.8091532833767348,2.1069246901094187,244.82916757842935,260.25022354125974,275.67127950409014,260.25022354125974,259.9946600341797,1.0009829567539827
2026-04-24,270.81048583984375,272.80864483253174,269.4017800912603,272.50893317942314,38157100,18.71,-0.00870548556450589,-0.012809554739298108,59.706148818651236,4.015728078470829,1.5270427106891282,2.488685367781701,245.49625612627017,261.15788650512695,276.81951688398374,261.15788650512695,259.90594177246095,1.004816914627377
2026-04-27,267.3636474609375,268.1129570778125,264.8260075108844,265.84505761361925,41466800,18.02,-0.012809554739298108,0.011517520751980868,55.24498655873712,3.7730767734779533,1.027513124557002,2.7455636489209514,247.3404436053979,262.0975196838379,276.85459576227794,262.0975196838379,260.0234326171875,1.0079765390594775
2026-04-28,270.4608154296875,272.97851539952296,268.4127145556596,272.0893199684016,40018900,17.83,0.011517520751980868,-0.0019966978339397375,58.26272486162286,3.787034856549326,0.8331769661026991,2.953857890446627,250.00722653750842,263.30041122436523,276.59359591122205,263.30041122436523,260.3217578125,1.0114421992110652
2026-04-29,269.92132568359375,270.7905199823619,266.7942019267937,267.3037117460274,30047900,18.81,-0.0019966978339397375,0.0043581493936293405,57.534986915286076,3.7117773651755215,0.6063355797831158,3.1054417853924057,251.31988027981504,264.1186584472656,276.91743661471617,264.1186584472656,260.44744201660154,1.0140958052889228
2026-04-30,271.1002502441406,275.7459641951834,267.893213328058,270.25102650288807,91848200,16.89,0.0043581493936293405,0.03187991038650981,58.74759648206397,3.704560750095254,0.47929517176227865,3.2252655783329756,252.41918087429443,264.9039360046387,277.388691134983,264.9039360046387,260.5873132324219,1.0165649767007912
2026-05-01,279.88214111328125,286.95561044034525,278.1137509144006,278.6032901046287,79915400,16.99,0.03187991038650981,-0.011885962197690256,66.43620130182296,4.357239189378674,0.9055788888365588,3.4516603005421156,252.77653164368567,266.1138214111328,279.45111117857994,266.1138214111328,260.97815368652346,1.0196785349733837
2026-05-04,276.5751647949219,280.3716851917065,274.60697695873915,279.4025768563376,46668400,18.29,-0.011885962197690256,0.026204338554427865,61.767600451018886,4.5551374148241734,0.8827816914256461,3.6723557233985273,253.39820654188844,267.0114944458008,280.62478234971314,267.0114944458008,261.2229278564453,1.0221594889730987
2026-05-05,283.9184265136719,284.30808218316156,276.2455026895375,276.6750995896243,49311700,17.38,0.026204338554427865,0.011649801728447845,67.26803104074956,5.244062743779182,1.257365616304523,3.9866971274746588,254.56870818772938,268.54408264160156,282.51945709547374,268.54408264160156,261.5825970458984,1.026612953898006
2026-05-06,287.245361328125,287.76487170009636,280.8112868075762,281.66051049385584,58336100,17.39,0.011649801728447845,-0.00024353676707370125,69.4149437370127,5.989454166264068,1.6022056310315271,4.3872485352325405,254.5604141438296,269.9732666015625,285.3861190592954,269.9732666015625,261.8897137451172,1.0308662480127515
2026-05-07,287.1754150390625,291.8611003514943,285.5169394038565,289.00371711581823,45224300,17.08,-0.00024353676707370125,0.020250074126795237,69.31201045514989,6.4996146461060675,1.6898928886988216,4.809721757407246,254.8701623533549,271.3195266723633,287.7688909913717,271.3195266723633,262.15367004394534,1.0349636784672192
2026-05-08,293.0500183105469,294.4886952888782,289.7330669166447,289.7430674686918,52692800,17.19,0.020250074126795237,-0.0012634684139431265,72.94120201315464,7.293872665974106,1.987320726853488,5.306551939120618,254.80211188531467,272.96001586914065,291.1179198529666,272.96001586914065,262.56069519042967,1.0396073017371035
2026-05-11,292.67999267578125,293.8800048828125,290.2300109863281,291.9800109863281,42247300,18.38,-0.0012634684139431265,0.007217281916175962,72.36072859273693,7.803515819895381,1.9975711046198104,5.8059447152755705,255.75352637726502,274.6459442138672,293.5383620504694,274.6459442138672,263.1355584716797,1.043743178645414
2026-05-12,294.79998779296875,295.2699890136719,292.55999755859375,292.55999755859375,45748100,17.99,0.007217281916175962,0.013711560991706276,73.65434681550875,8.282996353599174,1.9816413106588824,6.301355042940291,257.1301401659379,276.45635681152345,295.782573457109,276.45635681152345,263.7420318603516,1.0482074277713307
2026-05-13,298.8699951171875,300.9200134277344,293.5,293.5,52684300,17.87,0.013711560991706276,-0.002210772244144634,75.97879240237695,8.888937568505924,2.070066020452505,6.818871548053418,257.0622459506934,278.0906188964844,299.11899184227536,278.0906188964844,264.449287109375,1.051583923466836
2026-05-14,298.2099914550781,300.45001220703125,295.3800048828125,299.82000732421875,35324900,17.26,-0.002210772244144634,0.006750976522238501,74.82587536293362,9.209729537982525,1.9126863919432848,7.297043146039241,258.2500917777031,279.8432418823242,301.4363919869453,279.8432418823242,265.167919921875,1.0553435044660489
2026-05-15,300.2300109863281,303.20001220703125,296.5199890136719,297.8999938964844,54862800,18.43,0.006750976522238501,-0.007992466908238653,76.02498387478592,9.51724925401993,1.7761648863845512,7.741084367635379,258.5349298662343,281.3556793212891,304.17642877634387,281.3556793212891,265.9715118408203,1.0578414108112297
2026-05-18,297.8399963378906,300.6600036621094,294.9100036621094,300.239990234375,34483000,17.82,-0.007992466908238653,0.003786820722815226,71.67486930682762,9.459068384327452,1.3743872133536588,8.084681170973793,259.06591417978257,282.60774688720704,306.1495795946315,282.60774688720704,266.78385192871093,1.059313541071161
2026-05-19,298.9700012207031,300.510009765625,296.3500061035156,296.9700012207031,42243600,18.06,0.003786820722815226,0.010911251503184886,72.47674776964406,9.395832270412996,1.0489208795513623,8.346911390861633,260.99671670474106,284.25999603271487,307.5232753606887,284.25999603271487,267.5704364013672,1.0623744530816275
2026-05-20,302.25,302.79998779296875,298.0799865722656,298.17999267578125,38229800,17.44,0.010911251503184886,0.009024467670268961,74.71437796551218,9.500865619165609,0.92316338264318,8.577702236522429,261.81884147440417,285.72656707763673,309.6342926808693,285.72656707763673,268.40363830566406,1.0645405885006853
2026-05-21,304.989990234375,305.5400085449219,300.3999938964844,301.05999755859375,42965100,16.76,0.009024467670268961,0.012479649444335736,76.4376993358148,9.693459451053968,0.8926057716252309,8.800853679428737,262.7370027805729,287.31715087890626,311.89729897723964,287.31715087890626,269.2920397949219,1.066935179731682
2026-05-22,308.82000732421875,311.3999938964844,305.8399963378906,306.1199951171875,43670200,16.7,0.012479649444335736,-0.0015880121843198519,78.63015300494763,10.03941370883382,0.990848023524066,9.048565685309754,264.1633456379391,289.217626953125,314.2719082683109,289.217626953125,270.35794860839843,1.0697581796348217
2026-05-26,308.3299865722656,311.82000732421875,307.6700134277344,309.55999755859375,48000500,17.01,-0.0015880121843198519,0.008139905925081868,77.63482153836416,10.156961244444688,0.886716447307947,9.27024479713674,267.00750667683513,291.2659439086914,315.52438114054763,291.2659439086914,271.5267529296875,1.0726970391168615
2026-05-27,310.8500061035156,313.260009765625,308.29998779296875,308.3299865722656,50430900,16.29,0.008139905925081868,0.005325999563197865,79.1000267708877,10.334335244986619,0.8512723582799033,9.483062886706715,269.5726361238344,293.2854034423828,316.9981707609312,293.2854034423828,272.69200714111327,1.075518884903043
2026-05-28,312.510009765625,312.79998779296875,309.57000732421875,310.67999267578125,48220400,15.74,0.005325999563197865,-0.0014410307239461104,80.02820834472041,10.487955221363052,0.8039138677250683,9.684041353637983,272.85606007458995,295.4148376464844,317.9736152183788,295.4148376464844,273.86228759765623,1.0786984956486305
2026-05-29,312.05999755859375,315.0,309.5299987792969,311.7799987792969,70026800,15.32,-0.0014410307239461104,-0.0185978161231111,79.00388844087198,10.452893485810932,0.6150817057383584,9.837811780072574,276.74341686119396,297.462825012207,318.1822331632201,297.462825012207,275.1092886352539,1.0812532956914804
2026-06-01,306.30999755859375,310.94000244140625,305.0199890136719,309.6300048828125,48849900,16.05,-0.0185978161231111,0.02860974364520492,67.17304316245115,9.847612713104127,0.007840746425241463,9.839771966678885,279.3896835191651,298.78421783447266,318.1787521497802,298.78421783447266,276.26087158203126,1.081529266607535
2026-06-02,315.20001220703125,315.45001220703125,306.69000244140625,307.4599914550781,44534700,15.77,0.02860974364520492,-0.0157967095998125,73.72449671385819,9.970341336492936,0.1044554958512407,9.865885840641695,282.9256758745904,300.7154602050781,318.5052445355658,300.7154602050781,277.6096371459961,1.083231343467124
2026-06-03,310.260009765625,316.94000244140625,308.8500061035156,314.17999267578125,50836700,16.06,-0.0157967095998125,0.0031215368741391546,65.85891278481418,9.55879984853442,-0.24566879368582129,9.804468642220241,285.5604644061001,302.0325393676758,318.50461432925147,302.0325393676758,278.7896670532227,1.083370637657155
2026-06-04,311.2300109863281,313.5400085449219,309.6499938964844,313.2300109863281,44869100,15.4,0.0031215368741391546,-0.012577609274253502,66.61215956332701,9.204813881574239,-0.47972380851680185,9.684537690091041,287.77980792013324,303.2317718505859,318.6837357810386,303.2317718505859,279.9860998535156,1.0830243787432021
2026-06-05,307.3399963378906,315.1700134277344,307.1499938964844,312.8599853515625,65310500,21.51,-0.012577609274253502,-0.01905190902330898,60.81720503236685,8.512261726028328,-0.9378207712501716,9.4500824972785,290.58308805814016,304.24000091552733,317.8969137729145,304.24000091552733,281.0851504516602,1.082376640767614
2026-06-08,301.5400085449219,317.3999938964844,301.1700134277344,308.739990234375,77949100,18.92,-0.01905190902330898,-0.03712706918079524,53.36306102168121,7.409980962830787,-1.6320812275581709,9.042062190388958,291.9285152249627,304.6645004272461,317.40048562952944,304.6645004272461,282.0628060913086,1.0801300059697376
2026-06-09,290.54998779296875,300.75,287.7799987792969,300.2799987792969,70108800,19.87,-0.03712706918079524,0.0035387281174611347,42.68676354492343,5.585229638656017,-2.765466041386352,8.350695680042369,291.394484010121,304.5580001831055,317.72151635609,304.5580001831055,282.9023861694336,1.0765480076251532
2026-06-10,291.5799865722656,294.75,287.3800048828125,290.739990234375,52793300,22.22,0.0035387281174611347,0.013794324313997033,43.82118744758687,4.174096969475443,-3.3412789684535413,7.515375937928984,290.69238483183955,304.3970001220703,318.1016154123011,304.3970001220703,283.8059262084961,1.0725533613362503
2026-06-11,295.6300048828125,297.0,289.5899963378906,293.7200012207031,42572500,19.44,0.013794324313997033,-0.015338769356976291,48.165714553439216,3.344019023016074,-3.3370855319303283,6.681104554946402,290.2002583923316,304.23500061035156,318.26974282837153,304.23500061035156,284.64739868164065,1.0688135637965845
2026-06-12,291.1300048828125,297.1400146484375,289.6199951171875,296.0299987792969,38742100,17.68,-0.015338769356976291,0.018007493246393634,44.086162633433915,2.2965902156987568,-3.507611471398116,5.804201687096873,288.92905282786865,303.8810012817383,318.83294973560794,303.8810012817383,285.36210479736326,1.0648961308213134
2026-06-15,296.4200134277344,297.7799987792969,291.70001220703125,294.1199951171875,45732600,16.2,0.018007493246393634,0.009468481540986734,49.501004067615725,1.8717781256211197,-3.1459388491806024,5.017716974801722,288.46279889563965,303.6905014038086,318.9182039119775,303.6905014038086,286.17681640625,1.0611988253188775
2026-06-16,299.239990234375,300.4800109863281,293.9700012207031,295.25,39874400,16.41,0.009468481540986734,-0.011055331985774613,52.160660073324536,1.7425727504419228,-2.6201153794878396,4.362688129929762,288.6284473095143,303.7605010986328,318.8925548877513,303.7605010986328,286.98918212890624,1.0584388541941396
2026-06-17,295.95001220703125,302.07000732421875,294.3599853515625,300.8500061035156,42745100,18.44,-0.011055331985774613,0.0069365133751416366,48.92330273946543,1.3590366993260545,-2.4029211444829666,3.761957843809021,288.23098357664514,303.60950164794923,318.9880197192533,303.60950164794923,287.84284912109376,1.0547752100668741
2026-06-18,298.010009765625,300.57000732421875,295.6199951171875,298.1099853515625,85962200,16.4,0.0069365133751416366,-0.0033612346094813285,50.97504659404195,1.2073881830480673,-2.0436557286087633,3.2510439116568306,287.83407527003425,303.39750213623046,318.96092900242667,303.39750213623046,288.62981567382815,1.0511647988546369
2026-06-22,297.010009765625,302.4200134277344,296.760009765625,297.30999755859375,44879900,17.28,-0.0033612346094813285,-0.009166227388095017,49.926590564662675,0.9950437536787717,-1.8048001263824474,2.799843880061219,287.2112847693043,302.99850311279295,318.7857214562816,302.99850311279295,289.36501159667966,1.0471152038765343
2026-06-23,294.29998779296875,301.6400146484375,294.17999267578125,297.5400085449219,52010900,19.49,-0.009166227388095017,-0.004154050285409865,47.09933626873505,0.6011534165686498,-1.7589523707940553,2.360105787362705,286.28867265608966,302.27250213623046,318.25633161637126,302.27250213623046,290.04620666503905,1.0421529231903073
2026-06-24,293.0799865722656,299.70001220703125,292.94000244140625,295.3599853515625,53081900,18.63,-0.004154050285409865,-0.06312918215256177,45.84082382660747,0.1883770902118158,-1.7373829577207114,1.9257600479325272,285.3013925477925,301.51000213623047,317.71861172466845,301.51000213623047,290.72857788085935,1.0370841570992355
2026-06-25,275.1499938964844,288.79998779296875,273.75,287.3999938964844,107013700,18.89,-0.06312918215256177,0.030882904454319803,32.21626505812655,-1.567482718992892,-2.7945942135403357,1.2271114945474435,280.45074439018885,299.7250015258789,318.99925866156894,299.7250015258789,291.0597430419922,1.0297714084171252
2026-06-26,283.7799987792969,285.95001220703125,274.2099914550781,275.0,261775500,18.41,0.030882904454319803,-0.00721466060725805,41.26490524230768,-2.2368598698092796,-2.7711770914853786,0.534317221676099,278.75903123978827,298.2885009765625,317.8179707133367,298.2885009765625,291.4116479492188,1.0235984150796267
2026-06-29,281.739990234375,288.3699951171875,279.8500061035156,286.7300109863281,66427000,17.65,-0.00721466060725805,0.02668691184994011,39.90868304269852,-2.8985451012995895,-2.7462898583805506,-0.1522552429190387,277.04822679119025,296.7725006103516,316.4967744295129,296.7725006103516,291.7832971191406,1.0170990030631322
2026-06-30,289.3599853515625,289.94000244140625,280.70001220703125,281.1700134277344,65100200,16.45,0.02668691184994011,0.017199929330940868,46.92554495972416,-2.776064745098381,-2.099047601743474,-0.6770171433549071,276.45784161877043,295.925,315.3921583812296,295.925,292.1708715820312,1.0128490851864909
2026-07-01,294.3800048828125,296.5899963378906,289.20001220703125,293.44000244140625,50164200,16.59,0.017199929330940868,0.047271697894878145,50.98610400673072,-2.2480108880877765,-1.2567949957862954,-0.9912158923014811,277.5401906156911,294.8839996337891,312.2278086518871,294.8839996337891,292.60249877929687,1.0077972705770126
2026-07-02,308.6300048828125,309.4200134277344,293.67999267578125,294.1199951171875,75352800,16.15,0.047271697894878145,0.012973185615845364,60.27663364492215,-0.6719229842978507,0.2554343264029044,-0.9273573107007551,277.7353573722089,294.80249938964846,311.869641407088,294.80249938964846,293.4565985107422,1.0045863711558594
2026-07-06,312.6600036621094,314.20001220703125,307.0,307.3599853515625,53590000,15.57,0.012973185615845364,-0.0064172715140114545,62.444674738033605,0.8920423470404444,1.4555197261929598,-0.5634773791525153,277.5225624209741,294.8739990234375,312.22543562590084,294.8739990234375,294.2514270019531,1.0021157825055518
2026-07-07,310.6600036621094,315.4800109863281,310.1499938964844,315.2900085449219,42490000,16.13,-0.0064172715140114545,0.008749389702145728,60.67481167600213,1.9476614260429415,2.0089110441563656,-0.06124961811342394,277.1592416214603,295.0399993896484,312.92075715783653,295.0399993896484,295.0010607910156,1.0001319947749625
2026-07-08,313.3900146484375,314.82000732421875,307.04998779296875,311.9100036621094,41323500,16.9,0.008749389702145728,0.00898970969223071,62.247730829573804,2.970296493389583,2.4252368892024054,0.5450596041871775,276.21055694663556,295.6324996948242,315.0544424430129,295.6324996948242,295.8526513671875,0.999255873924584
2026-07-09,316.2200012207031,316.5299987792969,308.1600036621094,310.510009765625,48124500,15.84,0.00898970969223071,-0.0028501583226974415,63.86138959867008,3.9634106858973723,2.734680865368156,1.2287298205292165,275.69749376020235,296.91600036621094,318.1345069722195,296.91600036621094,296.8297784423828,1.000290475990248
2026-07-10,315.32000732421875,316.9100036621094,312.1700134277344,314.7200012207031,34132300,15.03,-0.0028501583226974415,0.0062911868943995525,62.9400168373436,4.624530147705059,2.7166402617406735,1.9078898859643851,275.59442476030574,298.1030014038086,320.61157804731147,298.1030014038086,297.7269622802734,1.0012630334876462
2026-07-13,317.30999755859375,323.45001220703125,315.7799987792969,317.0199890136719,43257800,17.16,0.0062911868943995525,-0.0077511572511698955,64.17093325718325,5.24854569747373,2.672524649207476,2.5760210482662544,275.218388236861,299.18700103759767,323.1556138383343,299.18700103759767,298.67473571777344,1.0017151277244563
2026-07-14,314.8599853515625,316.19000244140625,311.9100036621094,313.760009765625,36336800,16.5,-0.0077511572511698955,0.039360006012478126,61.46418741596,5.482191713426914,2.324936532128528,3.1572551812983862,275.7765748484262,300.37350006103514,324.9704252736441,300.37350006103514,299.54993041992185,1.0027493568099275
2026-07-15,327.5,328.7300109863281,317.32000732421875,317.6199951171875,60957600,15.67,0.039360006012478126,0.017434940338492192,68.78059316646316,6.611092846446013,2.7630701321181013,3.8480227143279118,274.7357274220633,301.92749938964846,329.11927135723363,301.92749938964846,300.5022875976563,1.0047427651995129
2026-07-16,333.260009765625,334.67999267578125,326.7900085449219,328.010009765625,62970600,16.73,0.017434940338492192,0.001439222043781139,71.44149613942825,7.879707415198027,3.225347760696092,4.654359654501935,273.2522012886688,303.6285003662109,334.00479944375303,303.6285003662109,301.6359844970703,1.006605696838402
2026-07-17,333.739990234375,334.989990234375,329.0,331.9800109863281,63407100,18.77,0.001439222043781139,-0.0216566670967116,71.6582743912989,8.82212801312113,3.334214686895356,5.487913326225774,272.6852831205825,305.51799926757815,338.3507154145738,305.51799926757815,302.6324157714844,1.0095349451866804
2026-07-20,326.5899963378906,333.7099914550781,323.67999267578125,333.510009765625,53468000,18.65,-0.0216566670967116,0.0035150309603428622,63.87954184264668,8.889584774587775,2.7213371586896002,6.168247615898174,273.07442969304435,306.9469985961914,340.81956749933846,306.9469985961914,303.4193084716797,1.0116264523252678
2026-07-21,327.739990234375,329.6000061035156,322.2200012207031,323.1300048828125,41338900,17.05,0.0035150309603428622,-0.005660635258418789,64.54616479602387,8.932867109079439,2.211695594545011,6.7211715145344275,273.77573828613544,308.4834976196289,343.1912569531224,308.4834976196289,304.23059997558596,1.013979190930775
2026-07-22,325.8900146484375,329.0,323.3399963378906,327.8699951171875,38755900,16.64,-0.005660635258418789,-0.013064847610259141,62.54637520350005,8.717402314613935,1.5969846400636056,7.120417674550329,275.2059733176538,310.06299896240233,344.9200246071509,310.06299896240233,304.88739990234376,1.0169754442516035
2026-07-23,321.6600036621094,323.29998779296875,319.3500061035156,321.7300109863281,40840800,18.7,-0.013064847610259141,0.03470741679444188,58.11287811116216,8.111810475999562,0.793114241159385,7.318696234840177,277.1983032435824,311.4919998168945,345.7856963902066,311.4919998168945,305.4670001220703,1.019723897155557
2026-07-24,333.0199890136719,334.3699951171875,321.6199951171875,321.7900085449219,47489400,18.58,0.03470741679444188,0.011613327993052387,65.23905796505423,8.451111308822362,0.9059320591857478,7.545179249636615,283.2228481094838,314.38549957275393,345.5481510360241,314.38549957275393,306.23140014648436,1.0266272479646734
2026-07-27,336.9100036621094,339.57000732421875,334.0199890136719,334.5400085449219,49604300,18.67,0.011613327993052387,0.009365001326460403,67.29116266174462,8.93095089271759,1.1086173144647793,7.8223335782528105,287.76719506667644,317.04199981689453,346.3168045671126,317.04199981689453,306.9922003173828,1.0327363349593957
2026-07-28,340.0799865722656,342.8900146484375,335.6000061035156,340.0299987792969,51859000,18.21,0.009365001326460403,-0.005572969622900951,68.90227901914004,9.457992498087037,1.3085271358673811,8.149465362219656,293.88445204286023,319.95899963378906,346.0335472247179,319.95899963378906,307.82960021972656,1.0394029664639288
2026-07-29,338.19000244140625,344.57000732421875,337.3500061035156,339.7300109863281,56090800,20.66,-0.005572969622900951,-0.01417494863771797,66.78996285684359,9.612365477631784,1.1703200923297015,8.442045385302082,299.26498052336245,322.40050048828124,345.5360204532,322.40050048828124,308.58880004882815,1.0447576206176883
2026-07-30,333.42999267578125,334.75,329.5899963378906,333.1000061035156,74817800,17.09,-0.01417494863771797,-0.0763829421141604,61.66273641708924,9.244054463462987,0.6416072625287228,8.602447200934265,304.6729700667619,324.3529998779297,344.0330296890975,324.3529998779297,309.30059997558595,1.048665925328085
